Copyright 1986-2022 Xilinx, Inc. All Rights Reserved. Copyright 2022-2024 Advanced Micro Devices, Inc. All Rights Reserved.
----------------------------------------------------------------------------------------------------------------------------------------------------------------
| Tool Version : Vivado v.2024.2 (win64) Build 5239630 Fri Nov 08 22:35:27 MST 2024
| Date         : Mon Aug 31 10:03:18 2026
| Host         : DESKTOP-DKER1IA running 64-bit major release  (build 9200)
| Command      : report_utilization -hierarchical -file <WORKSPACE>/reports/post_route_utilization.rpt
| Design       : design_SoC_wrapper
| Device       : xc7z020clg400-1
| Speed File   : -1
| Design State : Routed
----------------------------------------------------------------------------------------------------------------------------------------------------------------

Utilization Design Information

Table of Contents
-----------------
1. Utilization by Hierarchy

1. Utilization by Hierarchy
---------------------------

+-------------------------------------------------------------------------------------------------------+------------------------------------------------------------+------------+------------+---------+------+-------+--------+--------+------------+
|                                                Instance                                               |                           Module                           | Total LUTs | Logic LUTs | LUTRAMs | SRLs |  FFs  | RAMB36 | RAMB18 | DSP Blocks |
+-------------------------------------------------------------------------------------------------------+------------------------------------------------------------+------------+------------+---------+------+-------+--------+--------+------------+
| design_SoC_wrapper                                                                                    |                                                      (top) |      43157 |      40769 |    2052 |  336 | 58781 |     88 |     59 |        192 |
|   (design_SoC_wrapper)                                                                                |                                                      (top) |          0 |          0 |       0 |    0 |     0 |      0 |      0 |          0 |
|   design_SoC_i                                                                                        |                                                 design_SoC |      43157 |      40769 |    2052 |  336 | 58781 |     88 |     59 |        192 |
|     audio_clk_wiz                                                                                     |                                 design_SoC_audio_clk_wiz_0 |          0 |          0 |       0 |    0 |     0 |      0 |      0 |          0 |
|       inst                                                                                            |                         design_SoC_audio_clk_wiz_0_clk_wiz |          0 |          0 |       0 |    0 |     0 |      0 |      0 |          0 |
|     audio_formatter_0                                                                                 |                             design_SoC_audio_formatter_0_0 |       1981 |       1875 |      40 |   66 |  3204 |      0 |      2 |          0 |
|       inst                                                                                            |                                    audio_formatter_v1_0_15 |       1981 |       1875 |      40 |   66 |  3204 |      0 |      2 |          0 |
|         (inst)                                                                                        |                                    audio_formatter_v1_0_15 |         17 |         17 |       0 |    0 |    55 |      0 |      0 |          0 |
|         MM2S_INCLUDED.mm2s_top_1                                                                      |                           audio_formatter_v1_0_15_mm2s_top |        860 |        830 |       0 |   30 |  1360 |      0 |      1 |          0 |
|           (MM2S_INCLUDED.mm2s_top_1)                                                                  |                           audio_formatter_v1_0_15_mm2s_top |         12 |         12 |       0 |    0 |     0 |      0 |      0 |          0 |
|           mm2s_cdc_1                                                                                  |                          audio_formatter_v1_0_15_mm2s_sync |        116 |        116 |       0 |    0 |   256 |      0 |      0 |          0 |
|             (mm2s_cdc_1)                                                                              |                          audio_formatter_v1_0_15_mm2s_sync |        116 |        116 |       0 |    0 |   224 |      0 |      0 |          0 |
|             xpm_cdc_array_multiplier                                                                  |                                       xpm_cdc_array_single |          0 |          0 |       0 |    0 |    32 |      0 |      0 |          0 |
|           mm2s_logic_1                                                                                |                               audio_formatter_v1_0_15_mm2s |        537 |        507 |       0 |   30 |   745 |      0 |      1 |          0 |
|             (mm2s_logic_1)                                                                            |                               audio_formatter_v1_0_15_mm2s |          0 |          0 |       0 |    0 |    36 |      0 |      0 |          0 |
|             I_DATAMOVER_MM2S                                                                          |                              axi_datamover__parameterized0 |        265 |        235 |       0 |   30 |   306 |      0 |      0 |          0 |
|               (I_DATAMOVER_MM2S)                                                                      |                              axi_datamover__parameterized0 |          1 |          1 |       0 |    0 |     0 |      0 |      0 |          0 |
|               GEN_MM2S_FULL.I_MM2S_FULL_WRAPPER                                                       |                               axi_datamover_mm2s_full_wrap |        264 |        234 |       0 |   30 |   306 |      0 |      0 |          0 |
|                 I_ADDR_CNTL                                                                           |                    axi_datamover_addr_cntl__parameterized0 |         33 |         10 |       0 |   23 |    54 |      0 |      0 |          0 |
|                   (I_ADDR_CNTL)                                                                       |                    axi_datamover_addr_cntl__parameterized0 |          2 |          2 |       0 |    0 |    47 |      0 |      0 |          0 |
|                   GEN_ADDR_FIFO.I_ADDR_QUAL_FIFO                                                      |                     axi_datamover_fifo__parameterized3_107 |         31 |          8 |       0 |   23 |     7 |      0 |      0 |          0 |
|                     (GEN_ADDR_FIFO.I_ADDR_QUAL_FIFO)                                                  |                     axi_datamover_fifo__parameterized3_107 |          2 |          2 |       0 |    0 |     3 |      0 |      0 |          0 |
|                     USE_SRL_FIFO.I_SYNC_FIFO                                                          |                             srl_fifo_f__parameterized1_108 |         29 |          6 |       0 |   23 |     4 |      0 |      0 |          0 |
|                       I_SRL_FIFO_RBU_F                                                                |                         srl_fifo_rbu_f__parameterized1_109 |         29 |          6 |       0 |   23 |     4 |      0 |      0 |          0 |
|                         (I_SRL_FIFO_RBU_F)                                                            |                         srl_fifo_rbu_f__parameterized1_109 |          1 |          1 |       0 |    0 |     1 |      0 |      0 |          0 |
|                         CNTR_INCR_DECR_ADDN_F_I                                                       |                  cntr_incr_decr_addn_f__parameterized0_110 |          5 |          5 |       0 |    0 |     3 |      0 |      0 |          0 |
|                         DYNSHREG_F_I                                                                  |                             dynshreg_f__parameterized1_111 |         24 |          1 |       0 |   23 |     0 |      0 |      0 |          0 |
|                 I_CMD_STATUS                                                                          |                               axi_datamover_cmd_status_100 |         10 |         10 |       0 |    0 |    49 |      0 |      0 |          0 |
|                   GEN_INCLUDE_STATUS_FIFO.I_STS_FIFO                                                  |                     axi_datamover_fifo__parameterized0_105 |          7 |          7 |       0 |    0 |     5 |      0 |      0 |          0 |
|                   I_CMD_FIFO                                                                          |                                     axi_datamover_fifo_106 |          3 |          3 |       0 |    0 |    44 |      0 |      0 |          0 |
|                 I_MSTR_PCC                                                                            |                          axi_datamover_pcc__parameterized0 |        170 |        170 |       0 |    0 |   163 |      0 |      0 |          0 |
|                 I_RD_DATA_CNTL                                                                        |                                  axi_datamover_rddata_cntl |         47 |         40 |       0 |    7 |    32 |      0 |      0 |          0 |
|                   (I_RD_DATA_CNTL)                                                                    |                                  axi_datamover_rddata_cntl |         17 |         17 |       0 |    0 |    26 |      0 |      0 |          0 |
|                   GEN_DATA_CNTL_FIFO.I_DATA_CNTL_FIFO                                                 |                         axi_datamover_fifo__parameterized5 |         30 |         23 |       0 |    7 |     6 |      0 |      0 |          0 |
|                     (GEN_DATA_CNTL_FIFO.I_DATA_CNTL_FIFO)                                             |                         axi_datamover_fifo__parameterized5 |          1 |          1 |       0 |    0 |     2 |      0 |      0 |          0 |
|                     USE_SRL_FIFO.I_SYNC_FIFO                                                          |                                 srl_fifo_f__parameterized3 |         29 |         22 |       0 |    7 |     4 |      0 |      0 |          0 |
|                       I_SRL_FIFO_RBU_F                                                                |                             srl_fifo_rbu_f__parameterized3 |         29 |         22 |       0 |    7 |     4 |      0 |      0 |          0 |
|                         (I_SRL_FIFO_RBU_F)                                                            |                             srl_fifo_rbu_f__parameterized3 |          0 |          0 |       0 |    0 |     1 |      0 |      0 |          0 |
|                         CNTR_INCR_DECR_ADDN_F_I                                                       |                  cntr_incr_decr_addn_f__parameterized0_103 |         11 |         11 |       0 |    0 |     3 |      0 |      0 |          0 |
|                         DYNSHREG_F_I                                                                  |                             dynshreg_f__parameterized3_104 |         18 |         11 |       0 |    7 |     0 |      0 |      0 |          0 |
|                 I_RD_STATUS_CNTLR                                                                     |                           axi_datamover_rd_status_cntl_101 |          3 |          3 |       0 |    0 |     4 |      0 |      0 |          0 |
|                 I_RESET                                                                               |                                    axi_datamover_reset_102 |          3 |          3 |       0 |    0 |     4 |      0 |      0 |          0 |
|             PCM_TO_AES.aes_enc1                                                                       |                            audio_formatter_v1_0_15_aes_enc |         62 |         62 |       0 |    0 |   201 |      0 |      0 |          0 |
|             buffering_1                                                                               |                        audio_formatter_v1_0_15_mm2s_buffer |        142 |        142 |       0 |    0 |    86 |      0 |      1 |          0 |
|               (buffering_1)                                                                           |                        audio_formatter_v1_0_15_mm2s_buffer |         79 |         79 |       0 |    0 |    22 |      0 |      0 |          0 |
|               CDC_SAMPLE_PULSE_INST                                                                   |                                   xpm_cdc_pulse__xdcDup__1 |          2 |          2 |       0 |    0 |     8 |      0 |      0 |          0 |
|                 (CDC_SAMPLE_PULSE_INST)                                                               |                                   xpm_cdc_pulse__xdcDup__1 |          2 |          2 |       0 |    0 |     4 |      0 |      0 |          0 |
|                 xpm_cdc_single_inst                                                                   |                          xpm_cdc_single__parameterized0__4 |          0 |          0 |       0 |    0 |     4 |      0 |      0 |          0 |
|               INTERLEAVED.interleaved_xpm_fifo_buffer                                                 |                              xpm_fifo_sync__parameterized1 |         61 |         61 |       0 |    0 |    56 |      0 |      1 |          0 |
|                 xpm_fifo_base_inst                                                                    |                              xpm_fifo_base__parameterized1 |         61 |         61 |       0 |    0 |    56 |      0 |      1 |          0 |
|                   (xpm_fifo_base_inst)                                                                |                              xpm_fifo_base__parameterized1 |          4 |          4 |       0 |    0 |    21 |      0 |      0 |          0 |
|                   gen_fwft.rdpp1_inst                                                                 |                                        xpm_counter_updn_93 |          4 |          4 |       0 |    0 |     2 |      0 |      0 |          0 |
|                   gen_sdpram.xpm_memory_base_inst                                                     |                         xpm_memory_base__parameterized0__1 |          0 |          0 |       0 |    0 |     0 |      0 |      1 |          0 |
|                   rdp_inst                                                                            |                        xpm_counter_updn__parameterized3_94 |         16 |         16 |       0 |    0 |     6 |      0 |      0 |          0 |
|                   rdpp1_inst                                                                          |                        xpm_counter_updn__parameterized4_95 |          6 |          6 |       0 |    0 |     5 |      0 |      0 |          0 |
|                   rst_d1_inst                                                                         |                                        xpm_fifo_reg_bit_96 |          5 |          5 |       0 |    0 |     1 |      0 |      0 |          0 |
|                   wrp_inst                                                                            |                        xpm_counter_updn__parameterized3_97 |         14 |         14 |       0 |    0 |     6 |      0 |      0 |          0 |
|                   wrpp1_inst                                                                          |                        xpm_counter_updn__parameterized4_98 |          6 |          6 |       0 |    0 |     5 |      0 |      0 |          0 |
|                   wrpp2_inst                                                                          |                           xpm_counter_updn__parameterized5 |          5 |          5 |       0 |    0 |     5 |      0 |      0 |          0 |
|                   xpm_fifo_rst_inst                                                                   |                                            xpm_fifo_rst_99 |          6 |          6 |       0 |    0 |     5 |      0 |      0 |          0 |
|             command_generator_1                                                                       |                   audio_formatter_v1_0_15_mm2s_command_gen |         71 |         71 |       0 |    0 |   116 |      0 |      0 |          0 |
|           mm2s_registers_1                                                                            |                     audio_formatter_v1_0_15_mm2s_registers |        187 |        187 |       0 |    0 |   345 |      0 |      0 |          0 |
|           reset_mm2s                                                                                  |                           audio_formatter_v1_0_15_reset_92 |          8 |          8 |       0 |    0 |    14 |      0 |      0 |          0 |
|         MM2S_INCLUDED.xpm_cdc_async_mm2s_rst_inst                                                     |                                          xpm_cdc_async_rst |          1 |          1 |       0 |    0 |     2 |      0 |      0 |          0 |
|         S2MM_INCLUDED.s2mm_top_1                                                                      |                           audio_formatter_v1_0_15_s2mm_top |       1106 |       1030 |      40 |   36 |  1785 |      0 |      1 |          0 |
|           (S2MM_INCLUDED.s2mm_top_1)                                                                  |                           audio_formatter_v1_0_15_s2mm_top |         18 |         18 |       0 |    0 |    33 |      0 |      0 |          0 |
|           reset_s2mm                                                                                  |                              audio_formatter_v1_0_15_reset |         11 |         11 |       0 |    0 |    14 |      0 |      0 |          0 |
|           s2mm_cdc_1                                                                                  |                          audio_formatter_v1_0_15_s2mm_sync |        113 |        113 |       0 |    0 |    64 |      0 |      0 |          0 |
|           s2mm_logic_1                                                                                |                               audio_formatter_v1_0_15_s2mm |        755 |        679 |      40 |   36 |  1309 |      0 |      1 |          0 |
|             (s2mm_logic_1)                                                                            |                               audio_formatter_v1_0_15_s2mm |          4 |          4 |       0 |    0 |    26 |      0 |      0 |          0 |
|             AES_INPUT.aes_dec_1                                                                       |                            audio_formatter_v1_0_15_aes_dec |         69 |         69 |       0 |    0 |   394 |      0 |      0 |          0 |
|             I_DATAMOVER_S2MM                                                                          |                                              axi_datamover |        356 |        320 |       0 |   36 |   426 |      0 |      0 |          0 |
|               (I_DATAMOVER_S2MM)                                                                      |                                              axi_datamover |          1 |          1 |       0 |    0 |     0 |      0 |      0 |          0 |
|               GEN_S2MM_FULL.I_S2MM_FULL_WRAPPER                                                       |                               axi_datamover_s2mm_full_wrap |        355 |        319 |       0 |   36 |   426 |      0 |      0 |          0 |
|                 GEN_INCLUDE_PCC.I_MSTR_PCC                                                            |                                          axi_datamover_pcc |        187 |        187 |       0 |    0 |   178 |      0 |      0 |          0 |
|                   (GEN_INCLUDE_PCC.I_MSTR_PCC)                                                        |                                          axi_datamover_pcc |        185 |        185 |       0 |    0 |   178 |      0 |      0 |          0 |
|                   I_STRT_STRB_GEN                                                                     |                                 axi_datamover_strb_gen2_91 |          2 |          2 |       0 |    0 |     0 |      0 |      0 |          0 |
|                 I_ADDR_CNTL                                                                           |                                    axi_datamover_addr_cntl |         31 |          8 |       0 |   23 |    53 |      0 |      0 |          0 |
|                   (I_ADDR_CNTL)                                                                       |                                    axi_datamover_addr_cntl |          1 |          1 |       0 |    0 |    47 |      0 |      0 |          0 |
|                   GEN_ADDR_FIFO.I_ADDR_QUAL_FIFO                                                      |                         axi_datamover_fifo__parameterized3 |         30 |          7 |       0 |   23 |     6 |      0 |      0 |          0 |
|                     (GEN_ADDR_FIFO.I_ADDR_QUAL_FIFO)                                                  |                         axi_datamover_fifo__parameterized3 |          1 |          1 |       0 |    0 |     2 |      0 |      0 |          0 |
|                     USE_SRL_FIFO.I_SYNC_FIFO                                                          |                                 srl_fifo_f__parameterized1 |         29 |          6 |       0 |   23 |     4 |      0 |      0 |          0 |
|                       I_SRL_FIFO_RBU_F                                                                |                             srl_fifo_rbu_f__parameterized1 |         29 |          6 |       0 |   23 |     4 |      0 |      0 |          0 |
|                         (I_SRL_FIFO_RBU_F)                                                            |                             srl_fifo_rbu_f__parameterized1 |          0 |          0 |       0 |    0 |     1 |      0 |      0 |          0 |
|                         CNTR_INCR_DECR_ADDN_F_I                                                       |                   cntr_incr_decr_addn_f__parameterized0_90 |          5 |          5 |       0 |    0 |     3 |      0 |      0 |          0 |
|                         DYNSHREG_F_I                                                                  |                                 dynshreg_f__parameterized1 |         24 |          1 |       0 |   23 |     0 |      0 |      0 |          0 |
|                 I_CMD_STATUS                                                                          |                                   axi_datamover_cmd_status |          8 |          8 |       0 |    0 |    49 |      0 |      0 |          0 |
|                   GEN_INCLUDE_STATUS_FIFO.I_STS_FIFO                                                  |                      axi_datamover_fifo__parameterized0_89 |          5 |          5 |       0 |    0 |     5 |      0 |      0 |          0 |
|                   I_CMD_FIFO                                                                          |                                         axi_datamover_fifo |          3 |          3 |       0 |    0 |    44 |      0 |      0 |          0 |
|                 I_RESET                                                                               |                                     axi_datamover_reset_84 |          4 |          4 |       0 |    0 |     5 |      0 |      0 |          0 |
|                 I_S2MM_MMAP_SKID_BUF                                                                  |                               axi_datamover_skid2mm_buf_85 |         35 |         35 |       0 |    0 |    71 |      0 |      0 |          0 |
|                 I_WR_DATA_CNTL                                                                        |                                  axi_datamover_wrdata_cntl |         53 |         45 |       0 |    8 |    37 |      0 |      0 |          0 |
|                   (I_WR_DATA_CNTL)                                                                    |                                  axi_datamover_wrdata_cntl |         26 |         26 |       0 |    0 |    31 |      0 |      0 |          0 |
|                   GEN_DATA_CNTL_FIFO.I_DATA_CNTL_FIFO                                                 |                         axi_datamover_fifo__parameterized4 |         29 |         21 |       0 |    8 |     6 |      0 |      0 |          0 |
|                     (GEN_DATA_CNTL_FIFO.I_DATA_CNTL_FIFO)                                             |                         axi_datamover_fifo__parameterized4 |          1 |          1 |       0 |    0 |     2 |      0 |      0 |          0 |
|                     USE_SRL_FIFO.I_SYNC_FIFO                                                          |                                 srl_fifo_f__parameterized2 |         28 |         20 |       0 |    8 |     4 |      0 |      0 |          0 |
|                       I_SRL_FIFO_RBU_F                                                                |                             srl_fifo_rbu_f__parameterized2 |         28 |         20 |       0 |    8 |     4 |      0 |      0 |          0 |
|                         (I_SRL_FIFO_RBU_F)                                                            |                             srl_fifo_rbu_f__parameterized2 |          0 |          0 |       0 |    0 |     1 |      0 |      0 |          0 |
|                         CNTR_INCR_DECR_ADDN_F_I                                                       |                      cntr_incr_decr_addn_f__parameterized0 |         16 |         16 |       0 |    0 |     3 |      0 |      0 |          0 |
|                         DYNSHREG_F_I                                                                  |                              dynshreg_f__parameterized2_88 |         12 |          4 |       0 |    8 |     0 |      0 |      0 |          0 |
|                 I_WR_STATUS_CNTLR                                                                     |                               axi_datamover_wr_status_cntl |         38 |         33 |       0 |    5 |    33 |      0 |      0 |          0 |
|                   (I_WR_STATUS_CNTLR)                                                                 |                               axi_datamover_wr_status_cntl |          8 |          8 |       0 |    0 |    17 |      0 |      0 |          0 |
|                   GEN_OMIT_INDET_BTT.I_DATA_CNTL_STATUS_FIFO                                          |                         axi_datamover_fifo__parameterized2 |         14 |         11 |       0 |    3 |     7 |      0 |      0 |          0 |
|                     (GEN_OMIT_INDET_BTT.I_DATA_CNTL_STATUS_FIFO)                                      |                         axi_datamover_fifo__parameterized2 |          1 |          1 |       0 |    0 |     2 |      0 |      0 |          0 |
|                     USE_SRL_FIFO.I_SYNC_FIFO                                                          |                                 srl_fifo_f__parameterized0 |         13 |         10 |       0 |    3 |     5 |      0 |      0 |          0 |
|                       I_SRL_FIFO_RBU_F                                                                |                             srl_fifo_rbu_f__parameterized0 |         13 |         10 |       0 |    3 |     5 |      0 |      0 |          0 |
|                         (I_SRL_FIFO_RBU_F)                                                            |                             srl_fifo_rbu_f__parameterized0 |          0 |          0 |       0 |    0 |     1 |      0 |      0 |          0 |
|                         CNTR_INCR_DECR_ADDN_F_I                                                       |                                   cntr_incr_decr_addn_f_87 |          6 |          6 |       0 |    0 |     4 |      0 |      0 |          0 |
|                         DYNSHREG_F_I                                                                  |                                 dynshreg_f__parameterized0 |          8 |          5 |       0 |    3 |     0 |      0 |      0 |          0 |
|                   I_WRESP_STATUS_FIFO                                                                 |                         axi_datamover_fifo__parameterized1 |         16 |         14 |       0 |    2 |     9 |      0 |      0 |          0 |
|                     (I_WRESP_STATUS_FIFO)                                                             |                         axi_datamover_fifo__parameterized1 |          3 |          3 |       0 |    0 |     4 |      0 |      0 |          0 |
|                     USE_SRL_FIFO.I_SYNC_FIFO                                                          |                                                 srl_fifo_f |         13 |         11 |       0 |    2 |     5 |      0 |      0 |          0 |
|                       I_SRL_FIFO_RBU_F                                                                |                                             srl_fifo_rbu_f |         13 |         11 |       0 |    2 |     5 |      0 |      0 |          0 |
|                         (I_SRL_FIFO_RBU_F)                                                            |                                             srl_fifo_rbu_f |          5 |          5 |       0 |    0 |     1 |      0 |      0 |          0 |
|                         CNTR_INCR_DECR_ADDN_F_I                                                       |                                      cntr_incr_decr_addn_f |          6 |          6 |       0 |    0 |     4 |      0 |      0 |          0 |
|                         DYNSHREG_F_I                                                                  |                                              dynshreg_f_86 |          3 |          1 |       0 |    2 |     0 |      0 |      0 |          0 |
|             buffering_1                                                                               |                        audio_formatter_v1_0_15_s2mm_buffer |        260 |        220 |      40 |    0 |   348 |      0 |      1 |          0 |
|               (buffering_1)                                                                           |                        audio_formatter_v1_0_15_s2mm_buffer |        132 |        132 |       0 |    0 |   126 |      0 |      0 |          0 |
|               FIRST_LEVEL_BUFFERS[0].xpm_fifo_sync_inst                                               |                                           xpm_fifo_sync__1 |         51 |         31 |      20 |    0 |    95 |      0 |      0 |          0 |
|                 xpm_fifo_base_inst                                                                    |                                           xpm_fifo_base__1 |         51 |         31 |      20 |    0 |    95 |      0 |      0 |          0 |
|                   (xpm_fifo_base_inst)                                                                |                                           xpm_fifo_base__1 |          3 |          3 |       0 |    0 |    13 |      0 |      0 |          0 |
|                   gen_sdpram.xpm_memory_base_inst                                                     |                                         xpm_memory_base__1 |         20 |          0 |      20 |    0 |    60 |      0 |      0 |          0 |
|                   rdp_inst                                                                            |                        xpm_counter_updn__parameterized0_78 |         10 |         10 |       0 |    0 |     4 |      0 |      0 |          0 |
|                   rdpp1_inst                                                                          |                        xpm_counter_updn__parameterized1_79 |          3 |          3 |       0 |    0 |     4 |      0 |      0 |          0 |
|                   rst_d1_inst                                                                         |                                        xpm_fifo_reg_bit_80 |          0 |          0 |       0 |    0 |     1 |      0 |      0 |          0 |
|                   wrp_inst                                                                            |                        xpm_counter_updn__parameterized0_81 |          5 |          5 |       0 |    0 |     4 |      0 |      0 |          0 |
|                   wrpp1_inst                                                                          |                        xpm_counter_updn__parameterized1_82 |          5 |          5 |       0 |    0 |     4 |      0 |      0 |          0 |
|                   xpm_fifo_rst_inst                                                                   |                                            xpm_fifo_rst_83 |          5 |          5 |       0 |    0 |     5 |      0 |      0 |          0 |
|               FIRST_LEVEL_BUFFERS[1].xpm_fifo_sync_inst                                               |                                              xpm_fifo_sync |         51 |         31 |      20 |    0 |    95 |      0 |      0 |          0 |
|                 xpm_fifo_base_inst                                                                    |                                              xpm_fifo_base |         51 |         31 |      20 |    0 |    95 |      0 |      0 |          0 |
|                   (xpm_fifo_base_inst)                                                                |                                              xpm_fifo_base |          3 |          3 |       0 |    0 |    13 |      0 |      0 |          0 |
|                   gen_sdpram.xpm_memory_base_inst                                                     |                                            xpm_memory_base |         20 |          0 |      20 |    0 |    60 |      0 |      0 |          0 |
|                   rdp_inst                                                                            |                        xpm_counter_updn__parameterized0_72 |         10 |         10 |       0 |    0 |     4 |      0 |      0 |          0 |
|                   rdpp1_inst                                                                          |                        xpm_counter_updn__parameterized1_73 |          3 |          3 |       0 |    0 |     4 |      0 |      0 |          0 |
|                   rst_d1_inst                                                                         |                                        xpm_fifo_reg_bit_74 |          0 |          0 |       0 |    0 |     1 |      0 |      0 |          0 |
|                   wrp_inst                                                                            |                        xpm_counter_updn__parameterized0_75 |          5 |          5 |       0 |    0 |     4 |      0 |      0 |          0 |
|                   wrpp1_inst                                                                          |                        xpm_counter_updn__parameterized1_76 |          5 |          5 |       0 |    0 |     4 |      0 |      0 |          0 |
|                   xpm_fifo_rst_inst                                                                   |                                            xpm_fifo_rst_77 |          5 |          5 |       0 |    0 |     5 |      0 |      0 |          0 |
|               INTERLEAVED.second_level_xpm_fifo_buffer                                                |                              xpm_fifo_sync__parameterized0 |         27 |         27 |       0 |    0 |    32 |      0 |      1 |          0 |
|                 xpm_fifo_base_inst                                                                    |                              xpm_fifo_base__parameterized0 |         27 |         27 |       0 |    0 |    32 |      0 |      1 |          0 |
|                   (xpm_fifo_base_inst)                                                                |                              xpm_fifo_base__parameterized0 |          4 |          4 |       0 |    0 |     6 |      0 |      0 |          0 |
|                   gen_sdpram.xpm_memory_base_inst                                                     |                            xpm_memory_base__parameterized0 |          0 |          0 |       0 |    0 |     0 |      0 |      1 |          0 |
|                   rdp_inst                                                                            |                           xpm_counter_updn__parameterized3 |          9 |          9 |       0 |    0 |     5 |      0 |      0 |          0 |
|                   rdpp1_inst                                                                          |                           xpm_counter_updn__parameterized4 |          4 |          4 |       0 |    0 |     5 |      0 |      0 |          0 |
|                   rst_d1_inst                                                                         |                                        xpm_fifo_reg_bit_68 |          0 |          0 |       0 |    0 |     1 |      0 |      0 |          0 |
|                   wrp_inst                                                                            |                        xpm_counter_updn__parameterized3_69 |          6 |          6 |       0 |    0 |     5 |      0 |      0 |          0 |
|                   wrpp1_inst                                                                          |                        xpm_counter_updn__parameterized4_70 |          3 |          3 |       0 |    0 |     5 |      0 |      0 |          0 |
|                   xpm_fifo_rst_inst                                                                   |                                            xpm_fifo_rst_71 |          2 |          2 |       0 |    0 |     5 |      0 |      0 |          0 |
|             command_generator_1                                                                       |                   audio_formatter_v1_0_15_s2mm_command_gen |         69 |         69 |       0 |    0 |   115 |      0 |      0 |          0 |
|           s2mm_registers_1                                                                            |                     audio_formatter_v1_0_15_s2mm_registers |        209 |        209 |       0 |    0 |   365 |      0 |      0 |          0 |
|         S2MM_INCLUDED.xpm_cdc_async_s2mm_rst_inst                                                     |                                       xpm_cdc_async_rst__1 |          1 |          1 |       0 |    0 |     2 |      0 |      0 |          0 |
|     audio_reset                                                                                       |                                   design_SoC_audio_reset_0 |         12 |         11 |       0 |    1 |    17 |      0 |      0 |          0 |
|       U0                                                                                              |                                          proc_sys_reset__1 |         12 |         11 |       0 |    1 |    17 |      0 |      0 |          0 |
|         (U0)                                                                                          |                                          proc_sys_reset__1 |          0 |          0 |       0 |    0 |     1 |      0 |      0 |          0 |
|         EXT_LPF                                                                                       |                                                        lpf |          2 |          1 |       0 |    1 |     1 |      0 |      0 |          0 |
|         SEQ                                                                                           |                                               sequence_psr |         10 |         10 |       0 |    0 |    15 |      0 |      0 |          0 |
|           (SEQ)                                                                                       |                                               sequence_psr |          5 |          5 |       0 |    0 |     9 |      0 |      0 |          0 |
|           SEQ_COUNTER                                                                                 |                             proc_sys_reset_v5_0_16_upcnt_n |          5 |          5 |       0 |    0 |     6 |      0 |      0 |          0 |
|     axi_dma_0                                                                                         |                                     design_SoC_axi_dma_0_0 |       1362 |       1257 |       8 |   97 |  2005 |      2 |      0 |          0 |
|       U0                                                                                              |                                                    axi_dma |       1362 |       1257 |       8 |   97 |  2005 |      2 |      0 |          0 |
|         INCLUDE_MM2S_SOF_EOF_GENERATOR.I_MM2S_DMA_MNGR                                                |                                          axi_dma_mm2s_mngr |         14 |         14 |       0 |    0 |    74 |      0 |      0 |          0 |
|           (INCLUDE_MM2S_SOF_EOF_GENERATOR.I_MM2S_DMA_MNGR)                                            |                                          axi_dma_mm2s_mngr |          0 |          0 |       0 |    0 |     1 |      0 |      0 |          0 |
|           GEN_MM2S_DMA_CONTROL.GEN_SIMPLE_DMA_MODE.I_MM2S_SMPL_SM                                     |                                        axi_dma_smple_sm_55 |          8 |          8 |       0 |    0 |    63 |      0 |      0 |          0 |
|           GEN_MM2S_DMA_CONTROL.I_MM2S_CMDSTS                                                          |                                     axi_dma_mm2s_cmdsts_if |          5 |          5 |       0 |    0 |     7 |      0 |      0 |          0 |
|           GEN_MM2S_DMA_CONTROL.I_MM2S_STS_MNGR                                                        |                                      axi_dma_mm2s_sts_mngr |          1 |          1 |       0 |    0 |     3 |      0 |      0 |          0 |
|         INCLUDE_S2MM_SOF_EOF_GENERATOR.I_S2MM_DMA_MNGR                                                |                                          axi_dma_s2mm_mngr |         27 |         27 |       0 |    0 |   100 |      0 |      0 |          0 |
|           (INCLUDE_S2MM_SOF_EOF_GENERATOR.I_S2MM_DMA_MNGR)                                            |                                          axi_dma_s2mm_mngr |          0 |          0 |       0 |    0 |     1 |      0 |      0 |          0 |
|           GEN_S2MM_DMA_CONTROL.GEN_SIMPLE_DMA_MODE.I_S2MM_SMPL_SM                                     |                                           axi_dma_smple_sm |          8 |          8 |       0 |    0 |    63 |      0 |      0 |          0 |
|           GEN_S2MM_DMA_CONTROL.I_S2MM_CMDSTS                                                          |                                     axi_dma_s2mm_cmdsts_if |         18 |         18 |       0 |    0 |    33 |      0 |      0 |          0 |
|           GEN_S2MM_DMA_CONTROL.I_S2MM_STS_MNGR                                                        |                                      axi_dma_s2mm_sts_mngr |          1 |          1 |       0 |    0 |     3 |      0 |      0 |          0 |
|         I_AXI_DMA_REG_MODULE                                                                          |                                         axi_dma_reg_module |        148 |        148 |       0 |    0 |   261 |      0 |      0 |          0 |
|           GEN_AXI_LITE_IF.AXI_LITE_IF_I                                                               |                                            axi_dma_lite_if |        116 |        116 |       0 |    0 |    85 |      0 |      0 |          0 |
|           GEN_MM2S_REGISTERS.I_MM2S_DMA_REGISTER                                                      |                                           axi_dma_register |         14 |         14 |       0 |    0 |    88 |      0 |      0 |          0 |
|           GEN_S2MM_REGISTERS.I_S2MM_DMA_REGISTER                                                      |                                      axi_dma_register_s2mm |         18 |         18 |       0 |    0 |    88 |      0 |      0 |          0 |
|         I_PRMRY_DATAMOVER                                                                             |                              axi_datamover__parameterized1 |       1159 |       1054 |       8 |   97 |  1532 |      2 |      0 |          0 |
|           GEN_MM2S_FULL.I_MM2S_FULL_WRAPPER                                                           |               axi_datamover_mm2s_full_wrap__parameterized0 |        384 |        352 |       0 |   32 |   480 |      1 |      0 |          0 |
|             ENABLE_AXIS_SKID.I_MM2S_SKID_BUF                                                          |                                  axi_datamover_skid_buf_37 |         46 |         46 |       0 |    0 |    81 |      0 |      0 |          0 |
|             GEN_INCLUDE_MM2S_SF.I_RD_SF                                                               |                                        axi_datamover_rd_sf |         75 |         75 |       0 |    0 |    59 |      1 |      0 |          0 |
|               (GEN_INCLUDE_MM2S_SF.I_RD_SF)                                                           |                                        axi_datamover_rd_sf |          8 |          8 |       0 |    0 |     6 |      0 |      0 |          0 |
|               I_DATA_FIFO                                                                             |                                 axi_datamover_sfifo_autord |         63 |         63 |       0 |    0 |    47 |      1 |      0 |          0 |
|                 BLK_MEM.I_SYNC_FIFOGEN_FIFO                                                           |                                               sync_fifo_fg |         63 |         63 |       0 |    0 |    47 |      1 |      0 |          0 |
|                   (BLK_MEM.I_SYNC_FIFOGEN_FIFO)                                                       |                                               sync_fifo_fg |          6 |          6 |       0 |    0 |     0 |      0 |      0 |          0 |
|                   xpm_fifo_instance.xpm_fifo_sync_inst                                                |                              xpm_fifo_sync__parameterized3 |         57 |         57 |       0 |    0 |    47 |      1 |      0 |          0 |
|                     xpm_fifo_base_inst                                                                |                              xpm_fifo_base__parameterized2 |         57 |         57 |       0 |    0 |    47 |      1 |      0 |          0 |
|                       (xpm_fifo_base_inst)                                                            |                              xpm_fifo_base__parameterized2 |          3 |          3 |       0 |    0 |     9 |      0 |      0 |          0 |
|                       gen_fwft.rdpp1_inst                                                             |                                        xpm_counter_updn_48 |          5 |          5 |       0 |    0 |     2 |      0 |      0 |          0 |
|                       gen_sdpram.xpm_memory_base_inst                                                 |                            xpm_memory_base__parameterized1 |          1 |          1 |       0 |    0 |     0 |      1 |      0 |          0 |
|                       rdp_inst                                                                        |                        xpm_counter_updn__parameterized9_49 |         22 |         22 |       0 |    0 |     8 |      0 |      0 |          0 |
|                       rdpp1_inst                                                                      |                       xpm_counter_updn__parameterized10_50 |          7 |          7 |       0 |    0 |     7 |      0 |      0 |          0 |
|                       rst_d1_inst                                                                     |                                        xpm_fifo_reg_bit_51 |          1 |          1 |       0 |    0 |     1 |      0 |      0 |          0 |
|                       wrp_inst                                                                        |                        xpm_counter_updn__parameterized9_52 |         17 |         17 |       0 |    0 |     8 |      0 |      0 |          0 |
|                       wrpp1_inst                                                                      |                       xpm_counter_updn__parameterized10_53 |          6 |          6 |       0 |    0 |     7 |      0 |      0 |          0 |
|                       xpm_fifo_rst_inst                                                               |                                            xpm_fifo_rst_54 |          2 |          2 |       0 |    0 |     5 |      0 |      0 |          0 |
|               OMIT_DRE_CNTL.I_DRE_CNTL_FIFO                                                           |                        axi_datamover_fifo__parameterized10 |          4 |          4 |       0 |    0 |     6 |      0 |      0 |          0 |
|                 (OMIT_DRE_CNTL.I_DRE_CNTL_FIFO)                                                       |                        axi_datamover_fifo__parameterized10 |          1 |          1 |       0 |    0 |     2 |      0 |      0 |          0 |
|                 USE_SRL_FIFO.I_SYNC_FIFO                                                              |                                 srl_fifo_f__parameterized6 |          3 |          3 |       0 |    0 |     4 |      0 |      0 |          0 |
|                   I_SRL_FIFO_RBU_F                                                                    |                             srl_fifo_rbu_f__parameterized6 |          3 |          3 |       0 |    0 |     4 |      0 |      0 |          0 |
|                     (I_SRL_FIFO_RBU_F)                                                                |                             srl_fifo_rbu_f__parameterized6 |          0 |          0 |       0 |    0 |     1 |      0 |      0 |          0 |
|                     CNTR_INCR_DECR_ADDN_F_I                                                           |                   cntr_incr_decr_addn_f__parameterized1_47 |          3 |          3 |       0 |    0 |     3 |      0 |      0 |          0 |
|             I_ADDR_CNTL                                                                               |                    axi_datamover_addr_cntl__parameterized1 |         29 |          9 |       0 |   20 |    51 |      0 |      0 |          0 |
|               (I_ADDR_CNTL)                                                                           |                    axi_datamover_addr_cntl__parameterized1 |          1 |          1 |       0 |    0 |    44 |      0 |      0 |          0 |
|               GEN_ADDR_FIFO.I_ADDR_QUAL_FIFO                                                          |                      axi_datamover_fifo__parameterized8_42 |         28 |          8 |       0 |   20 |     7 |      0 |      0 |          0 |
|                 (GEN_ADDR_FIFO.I_ADDR_QUAL_FIFO)                                                      |                      axi_datamover_fifo__parameterized8_42 |          2 |          2 |       0 |    0 |     3 |      0 |      0 |          0 |
|                 USE_SRL_FIFO.I_SYNC_FIFO                                                              |                              srl_fifo_f__parameterized4_43 |         26 |          6 |       0 |   20 |     4 |      0 |      0 |          0 |
|                   I_SRL_FIFO_RBU_F                                                                    |                          srl_fifo_rbu_f__parameterized4_44 |         26 |          6 |       0 |   20 |     4 |      0 |      0 |          0 |
|                     (I_SRL_FIFO_RBU_F)                                                                |                          srl_fifo_rbu_f__parameterized4_44 |          1 |          1 |       0 |    0 |     1 |      0 |      0 |          0 |
|                     CNTR_INCR_DECR_ADDN_F_I                                                           |                   cntr_incr_decr_addn_f__parameterized1_45 |          4 |          4 |       0 |    0 |     3 |      0 |      0 |          0 |
|                     DYNSHREG_F_I                                                                      |                              dynshreg_f__parameterized4_46 |         22 |          2 |       0 |   20 |     0 |      0 |      0 |          0 |
|             I_CMD_STATUS                                                                              |                   axi_datamover_cmd_status__parameterized0 |         11 |         11 |       0 |    0 |    69 |      0 |      0 |          0 |
|               GEN_INCLUDE_STATUS_FIFO.I_STS_FIFO                                                      |                         axi_datamover_fifo__parameterized0 |          7 |          7 |       0 |    0 |     6 |      0 |      0 |          0 |
|               I_CMD_FIFO                                                                              |                      axi_datamover_fifo__parameterized6_41 |          4 |          4 |       0 |    0 |    63 |      0 |      0 |          0 |
|             I_MSTR_PCC                                                                                |                          axi_datamover_pcc__parameterized1 |        162 |        162 |       0 |    0 |   167 |      0 |      0 |          0 |
|               (I_MSTR_PCC)                                                                            |                          axi_datamover_pcc__parameterized1 |        160 |        160 |       0 |    0 |   167 |      0 |      0 |          0 |
|               I_STRT_STRB_GEN                                                                         |                                 axi_datamover_strb_gen2_40 |          2 |          2 |       0 |    0 |     0 |      0 |      0 |          0 |
|             I_RD_DATA_CNTL                                                                            |                  axi_datamover_rddata_cntl__parameterized0 |         57 |         45 |       0 |   12 |    43 |      0 |      0 |          0 |
|               (I_RD_DATA_CNTL)                                                                        |                  axi_datamover_rddata_cntl__parameterized0 |         24 |         24 |       0 |    0 |    37 |      0 |      0 |          0 |
|               GEN_DATA_CNTL_FIFO.I_DATA_CNTL_FIFO                                                     |                         axi_datamover_fifo__parameterized9 |         33 |         21 |       0 |   12 |     6 |      0 |      0 |          0 |
|                 (GEN_DATA_CNTL_FIFO.I_DATA_CNTL_FIFO)                                                 |                         axi_datamover_fifo__parameterized9 |          1 |          1 |       0 |    0 |     2 |      0 |      0 |          0 |
|                 USE_SRL_FIFO.I_SYNC_FIFO                                                              |                                 srl_fifo_f__parameterized5 |         32 |         20 |       0 |   12 |     4 |      0 |      0 |          0 |
|                   I_SRL_FIFO_RBU_F                                                                    |                             srl_fifo_rbu_f__parameterized5 |         32 |         20 |       0 |   12 |     4 |      0 |      0 |          0 |
|                     (I_SRL_FIFO_RBU_F)                                                                |                             srl_fifo_rbu_f__parameterized5 |          1 |          1 |       0 |    0 |     1 |      0 |      0 |          0 |
|                     CNTR_INCR_DECR_ADDN_F_I                                                           |                   cntr_incr_decr_addn_f__parameterized1_39 |         14 |         14 |       0 |    0 |     3 |      0 |      0 |          0 |
|                     DYNSHREG_F_I                                                                      |                                 dynshreg_f__parameterized3 |         18 |          6 |       0 |   12 |     0 |      0 |      0 |          0 |
|             I_RD_STATUS_CNTLR                                                                         |                               axi_datamover_rd_status_cntl |          3 |          3 |       0 |    0 |     5 |      0 |      0 |          0 |
|             I_RESET                                                                                   |                                     axi_datamover_reset_38 |          4 |          4 |       0 |    0 |     5 |      0 |      0 |          0 |
|           GEN_S2MM_FULL.I_S2MM_FULL_WRAPPER                                                           |               axi_datamover_s2mm_full_wrap__parameterized0 |        775 |        702 |       8 |   65 |  1052 |      1 |      0 |          0 |
|             ENABLE_AXIS_SKID.I_S2MM_STRM_SKID_BUF                                                     |                                     axi_datamover_skid_buf |         48 |         48 |       0 |    0 |    80 |      0 |      0 |          0 |
|             GEN_ENABLE_INDET_BTT_SF.I_INDET_BTT                                                       |                                    axi_datamover_indet_btt |        166 |        158 |       8 |    0 |   193 |      1 |      0 |          0 |
|               (GEN_ENABLE_INDET_BTT_SF.I_INDET_BTT)                                                   |                                    axi_datamover_indet_btt |         10 |         10 |       0 |    0 |    14 |      0 |      0 |          0 |
|               ENABLE_AXIS_SKID.I_INDET_BTT_SKID_BUF                                                   |                     axi_datamover_skid_buf__parameterized0 |         46 |         46 |       0 |    0 |    86 |      0 |      0 |          0 |
|               I_DATA_FIFO                                                                             |                 axi_datamover_sfifo_autord__parameterized1 |         47 |         47 |       0 |    0 |    39 |      1 |      0 |          0 |
|                 BLK_MEM.I_SYNC_FIFOGEN_FIFO                                                           |                               sync_fifo_fg__parameterized1 |         47 |         47 |       0 |    0 |    39 |      1 |      0 |          0 |
|                   (BLK_MEM.I_SYNC_FIFOGEN_FIFO)                                                       |                               sync_fifo_fg__parameterized1 |          4 |          4 |       0 |    0 |     0 |      0 |      0 |          0 |
|                   xpm_fifo_instance.xpm_fifo_sync_inst                                                |                              xpm_fifo_sync__parameterized7 |         43 |         43 |       0 |    0 |    39 |      1 |      0 |          0 |
|                     xpm_fifo_base_inst                                                                |                              xpm_fifo_base__parameterized4 |         43 |         43 |       0 |    0 |    39 |      1 |      0 |          0 |
|                       (xpm_fifo_base_inst)                                                            |                              xpm_fifo_base__parameterized4 |          3 |          3 |       0 |    0 |     5 |      0 |      0 |          0 |
|                       gen_sdpram.xpm_memory_base_inst                                                 |                            xpm_memory_base__parameterized3 |          1 |          1 |       0 |    0 |     0 |      1 |      0 |          0 |
|                       rdp_inst                                                                        |                        xpm_counter_updn__parameterized9_31 |         14 |         14 |       0 |    0 |     7 |      0 |      0 |          0 |
|                       rdpp1_inst                                                                      |                       xpm_counter_updn__parameterized10_32 |          7 |          7 |       0 |    0 |     7 |      0 |      0 |          0 |
|                       rst_d1_inst                                                                     |                                        xpm_fifo_reg_bit_33 |          1 |          1 |       0 |    0 |     1 |      0 |      0 |          0 |
|                       wrp_inst                                                                        |                        xpm_counter_updn__parameterized9_34 |         10 |         10 |       0 |    0 |     7 |      0 |      0 |          0 |
|                       wrpp1_inst                                                                      |                       xpm_counter_updn__parameterized10_35 |          6 |          6 |       0 |    0 |     7 |      0 |      0 |          0 |
|                       xpm_fifo_rst_inst                                                               |                                            xpm_fifo_rst_36 |          2 |          2 |       0 |    0 |     5 |      0 |      0 |          0 |
|               I_XD_FIFO                                                                               |                 axi_datamover_sfifo_autord__parameterized0 |         64 |         56 |       8 |    0 |    54 |      0 |      0 |          0 |
|                 NON_BLK_MEM.I_SYNC_FIFOGEN_FIFO                                                       |                               sync_fifo_fg__parameterized0 |         64 |         56 |       8 |    0 |    54 |      0 |      0 |          0 |
|                   (NON_BLK_MEM.I_SYNC_FIFOGEN_FIFO)                                                   |                               sync_fifo_fg__parameterized0 |         20 |         20 |       0 |    0 |     0 |      0 |      0 |          0 |
|                   xpm_fifo_instance.xpm_fifo_sync_inst                                                |                              xpm_fifo_sync__parameterized5 |         44 |         36 |       8 |    0 |    54 |      0 |      0 |          0 |
|                     xpm_fifo_base_inst                                                                |                              xpm_fifo_base__parameterized3 |         44 |         36 |       8 |    0 |    54 |      0 |      0 |          0 |
|                       (xpm_fifo_base_inst)                                                            |                              xpm_fifo_base__parameterized3 |          3 |          3 |       0 |    0 |    10 |      0 |      0 |          0 |
|                       gen_fwft.rdpp1_inst                                                             |                                        xpm_counter_updn_27 |          4 |          4 |       0 |    0 |     2 |      0 |      0 |          0 |
|                       gen_sdpram.xpm_memory_base_inst                                                 |                            xpm_memory_base__parameterized2 |          8 |          0 |       8 |    0 |    18 |      0 |      0 |          0 |
|                       rdp_inst                                                                        |                           xpm_counter_updn__parameterized0 |         13 |         13 |       0 |    0 |     5 |      0 |      0 |          0 |
|                       rdpp1_inst                                                                      |                           xpm_counter_updn__parameterized1 |          3 |          3 |       0 |    0 |     4 |      0 |      0 |          0 |
|                       rst_d1_inst                                                                     |                                        xpm_fifo_reg_bit_28 |          1 |          1 |       0 |    0 |     1 |      0 |      0 |          0 |
|                       wrp_inst                                                                        |                        xpm_counter_updn__parameterized0_29 |          8 |          8 |       0 |    0 |     5 |      0 |      0 |          0 |
|                       wrpp1_inst                                                                      |                        xpm_counter_updn__parameterized1_30 |          3 |          3 |       0 |    0 |     4 |      0 |      0 |          0 |
|                       xpm_fifo_rst_inst                                                               |                                               xpm_fifo_rst |          2 |          2 |       0 |    0 |     5 |      0 |      0 |          0 |
|             GEN_INCLUDE_IBTTCC.I_S2MM_MSTR_IBTTCC                                                     |                                       axi_datamover_ibttcc |        146 |        146 |       0 |    0 |   245 |      0 |      0 |          0 |
|             GEN_INCLUDE_REALIGNER.I_S2MM_REALIGNER                                                    |                                 axi_datamover_s2mm_realign |        204 |        184 |       0 |   20 |   185 |      0 |      0 |          0 |
|               (GEN_INCLUDE_REALIGNER.I_S2MM_REALIGNER)                                                |                                 axi_datamover_s2mm_realign |          0 |          0 |       0 |    0 |     7 |      0 |      0 |          0 |
|               GEN_INCLUDE_SCATTER.I_S2MM_SCATTER                                                      |                                 axi_datamover_s2mm_scatter |        177 |        172 |       0 |    5 |   172 |      0 |      0 |          0 |
|                 (GEN_INCLUDE_SCATTER.I_S2MM_SCATTER)                                                  |                                 axi_datamover_s2mm_scatter |         75 |         75 |       0 |    0 |    67 |      0 |      0 |          0 |
|                 I_MSSAI_SKID_BUF                                                                      |                               axi_datamover_mssai_skid_buf |         59 |         59 |       0 |    0 |    83 |      0 |      0 |          0 |
|                 I_TSTRB_FIFO                                                                          |                        axi_datamover_fifo__parameterized15 |         22 |         17 |       0 |    5 |    10 |      0 |      0 |          0 |
|                   (I_TSTRB_FIFO)                                                                      |                        axi_datamover_fifo__parameterized15 |          2 |          2 |       0 |    0 |     4 |      0 |      0 |          0 |
|                   USE_SRL_FIFO.I_SYNC_FIFO                                                            |                                srl_fifo_f__parameterized10 |         20 |         15 |       0 |    5 |     6 |      0 |      0 |          0 |
|                     I_SRL_FIFO_RBU_F                                                                  |                            srl_fifo_rbu_f__parameterized10 |         20 |         15 |       0 |    5 |     6 |      0 |      0 |          0 |
|                       (I_SRL_FIFO_RBU_F)                                                              |                            srl_fifo_rbu_f__parameterized10 |          0 |          0 |       0 |    0 |     1 |      0 |      0 |          0 |
|                       CNTR_INCR_DECR_ADDN_F_I                                                         |                      cntr_incr_decr_addn_f__parameterized3 |          8 |          8 |       0 |    0 |     5 |      0 |      0 |          0 |
|                       DYNSHREG_F_I                                                                    |                                dynshreg_f__parameterized10 |         12 |          7 |       0 |    5 |     0 |      0 |      0 |          0 |
|                 SLICE_INSERTION                                                                       |                                        axi_datamover_slice |         23 |         23 |       0 |    0 |    12 |      0 |      0 |          0 |
|               I_DRE_CNTL_FIFO                                                                         |                        axi_datamover_fifo__parameterized14 |         28 |         13 |       0 |   15 |     6 |      0 |      0 |          0 |
|                 (I_DRE_CNTL_FIFO)                                                                     |                        axi_datamover_fifo__parameterized14 |          1 |          1 |       0 |    0 |     2 |      0 |      0 |          0 |
|                 USE_SRL_FIFO.I_SYNC_FIFO                                                              |                                 srl_fifo_f__parameterized9 |         27 |         12 |       0 |   15 |     4 |      0 |      0 |          0 |
|                   I_SRL_FIFO_RBU_F                                                                    |                             srl_fifo_rbu_f__parameterized9 |         27 |         12 |       0 |   15 |     4 |      0 |      0 |          0 |
|                     (I_SRL_FIFO_RBU_F)                                                                |                             srl_fifo_rbu_f__parameterized9 |          0 |          0 |       0 |    0 |     1 |      0 |      0 |          0 |
|                     CNTR_INCR_DECR_ADDN_F_I                                                           |                   cntr_incr_decr_addn_f__parameterized1_26 |          7 |          7 |       0 |    0 |     3 |      0 |      0 |          0 |
|                     DYNSHREG_F_I                                                                      |                                 dynshreg_f__parameterized9 |         20 |          5 |       0 |   15 |     0 |      0 |      0 |          0 |
|             I_ADDR_CNTL                                                                               |                    axi_datamover_addr_cntl__parameterized2 |         30 |         10 |       0 |   20 |    51 |      0 |      0 |          0 |
|               (I_ADDR_CNTL)                                                                           |                    axi_datamover_addr_cntl__parameterized2 |          1 |          1 |       0 |    0 |    44 |      0 |      0 |          0 |
|               GEN_ADDR_FIFO.I_ADDR_QUAL_FIFO                                                          |                         axi_datamover_fifo__parameterized8 |         29 |          9 |       0 |   20 |     7 |      0 |      0 |          0 |
|                 (GEN_ADDR_FIFO.I_ADDR_QUAL_FIFO)                                                      |                         axi_datamover_fifo__parameterized8 |          2 |          2 |       0 |    0 |     3 |      0 |      0 |          0 |
|                 USE_SRL_FIFO.I_SYNC_FIFO                                                              |                                 srl_fifo_f__parameterized4 |         27 |          7 |       0 |   20 |     4 |      0 |      0 |          0 |
|                   I_SRL_FIFO_RBU_F                                                                    |                             srl_fifo_rbu_f__parameterized4 |         27 |          7 |       0 |   20 |     4 |      0 |      0 |          0 |
|                     (I_SRL_FIFO_RBU_F)                                                                |                             srl_fifo_rbu_f__parameterized4 |          0 |          0 |       0 |    0 |     1 |      0 |      0 |          0 |
|                     CNTR_INCR_DECR_ADDN_F_I                                                           |                   cntr_incr_decr_addn_f__parameterized1_25 |          5 |          5 |       0 |    0 |     3 |      0 |      0 |          0 |
|                     DYNSHREG_F_I                                                                      |                                 dynshreg_f__parameterized4 |         22 |          2 |       0 |   20 |     0 |      0 |      0 |          0 |
|             I_CMD_STATUS                                                                              |                   axi_datamover_cmd_status__parameterized1 |         23 |         23 |       0 |    0 |    95 |      0 |      0 |          0 |
|               GEN_INCLUDE_STATUS_FIFO.I_STS_FIFO                                                      |                        axi_datamover_fifo__parameterized11 |         18 |         18 |       0 |    0 |    32 |      0 |      0 |          0 |
|               I_CMD_FIFO                                                                              |                         axi_datamover_fifo__parameterized6 |          5 |          5 |       0 |    0 |    63 |      0 |      0 |          0 |
|             I_RESET                                                                                   |                                        axi_datamover_reset |          6 |          6 |       0 |    0 |     5 |      0 |      0 |          0 |
|             I_S2MM_MMAP_SKID_BUF                                                                      |                                  axi_datamover_skid2mm_buf |         35 |         35 |       0 |    0 |    79 |      0 |      0 |          0 |
|             I_WR_DATA_CNTL                                                                            |                  axi_datamover_wrdata_cntl__parameterized0 |         82 |         74 |       0 |    8 |    60 |      0 |      0 |          0 |
|               (I_WR_DATA_CNTL)                                                                        |                  axi_datamover_wrdata_cntl__parameterized0 |         49 |         49 |       0 |    0 |    54 |      0 |      0 |          0 |
|               GEN_DATA_CNTL_FIFO.I_DATA_CNTL_FIFO                                                     |                        axi_datamover_fifo__parameterized16 |         32 |         24 |       0 |    8 |     6 |      0 |      0 |          0 |
|                 (GEN_DATA_CNTL_FIFO.I_DATA_CNTL_FIFO)                                                 |                        axi_datamover_fifo__parameterized16 |          1 |          1 |       0 |    0 |     2 |      0 |      0 |          0 |
|                 USE_SRL_FIFO.I_SYNC_FIFO                                                              |                                srl_fifo_f__parameterized11 |         31 |         23 |       0 |    8 |     4 |      0 |      0 |          0 |
|                   I_SRL_FIFO_RBU_F                                                                    |                            srl_fifo_rbu_f__parameterized11 |         31 |         23 |       0 |    8 |     4 |      0 |      0 |          0 |
|                     (I_SRL_FIFO_RBU_F)                                                                |                            srl_fifo_rbu_f__parameterized11 |          0 |          0 |       0 |    0 |     1 |      0 |      0 |          0 |
|                     CNTR_INCR_DECR_ADDN_F_I                                                           |                      cntr_incr_decr_addn_f__parameterized1 |         13 |         13 |       0 |    0 |     3 |      0 |      0 |          0 |
|                     DYNSHREG_F_I                                                                      |                                 dynshreg_f__parameterized2 |         18 |         10 |       0 |    8 |     0 |      0 |      0 |          0 |
|               GEN_INDET_BTT.I_STRT_STRB_GEN                                                           |                                    axi_datamover_strb_gen2 |          1 |          1 |       0 |    0 |     0 |      0 |      0 |          0 |
|             I_WR_STATUS_CNTLR                                                                         |               axi_datamover_wr_status_cntl__parameterized0 |         55 |         38 |       0 |   17 |    59 |      0 |      0 |          0 |
|               (I_WR_STATUS_CNTLR)                                                                     |               axi_datamover_wr_status_cntl__parameterized0 |          6 |          6 |       0 |    0 |    44 |      0 |      0 |          0 |
|               GEN_ENABLE_INDET_BTT.I_SF_DATA_CNTL_STATUS_FIFO                                         |                        axi_datamover_fifo__parameterized13 |         30 |         15 |       0 |   15 |     7 |      0 |      0 |          0 |
|                 (GEN_ENABLE_INDET_BTT.I_SF_DATA_CNTL_STATUS_FIFO)                                     |                        axi_datamover_fifo__parameterized13 |          1 |          1 |       0 |    0 |     2 |      0 |      0 |          0 |
|                 USE_SRL_FIFO.I_SYNC_FIFO                                                              |                                 srl_fifo_f__parameterized8 |         29 |         14 |       0 |   15 |     5 |      0 |      0 |          0 |
|                   I_SRL_FIFO_RBU_F                                                                    |                             srl_fifo_rbu_f__parameterized8 |         29 |         14 |       0 |   15 |     5 |      0 |      0 |          0 |
|                     (I_SRL_FIFO_RBU_F)                                                                |                             srl_fifo_rbu_f__parameterized8 |          1 |          1 |       0 |    0 |     1 |      0 |      0 |          0 |
|                     CNTR_INCR_DECR_ADDN_F_I                                                           |                   cntr_incr_decr_addn_f__parameterized2_24 |         10 |         10 |       0 |    0 |     4 |      0 |      0 |          0 |
|                     DYNSHREG_F_I                                                                      |                                 dynshreg_f__parameterized8 |         18 |          3 |       0 |   15 |     0 |      0 |      0 |          0 |
|               I_WRESP_STATUS_FIFO                                                                     |                        axi_datamover_fifo__parameterized12 |         19 |         17 |       0 |    2 |     8 |      0 |      0 |          0 |
|                 (I_WRESP_STATUS_FIFO)                                                                 |                        axi_datamover_fifo__parameterized12 |          4 |          4 |       0 |    0 |     3 |      0 |      0 |          0 |
|                 USE_SRL_FIFO.I_SYNC_FIFO                                                              |                                 srl_fifo_f__parameterized7 |         15 |         13 |       0 |    2 |     5 |      0 |      0 |          0 |
|                   I_SRL_FIFO_RBU_F                                                                    |                             srl_fifo_rbu_f__parameterized7 |         15 |         13 |       0 |    2 |     5 |      0 |      0 |          0 |
|                     (I_SRL_FIFO_RBU_F)                                                                |                             srl_fifo_rbu_f__parameterized7 |          5 |          5 |       0 |    0 |     1 |      0 |      0 |          0 |
|                     CNTR_INCR_DECR_ADDN_F_I                                                           |                      cntr_incr_decr_addn_f__parameterized2 |          7 |          7 |       0 |    0 |     4 |      0 |      0 |          0 |
|                     DYNSHREG_F_I                                                                      |                                                 dynshreg_f |          4 |          2 |       0 |    2 |     0 |      0 |      0 |          0 |
|         I_RST_MODULE                                                                                  |                                         axi_dma_rst_module |         16 |         16 |       0 |    0 |    38 |      0 |      0 |          0 |
|           (I_RST_MODULE)                                                                              |                                         axi_dma_rst_module |          1 |          1 |       0 |    0 |     2 |      0 |      0 |          0 |
|           GEN_RESET_FOR_MM2S.RESET_I                                                                  |                                              axi_dma_reset |          7 |          7 |       0 |    0 |    15 |      0 |      0 |          0 |
|           GEN_RESET_FOR_S2MM.RESET_I                                                                  |                                           axi_dma_reset_21 |          9 |          9 |       0 |    0 |    13 |      0 |      0 |          0 |
|           REG_HRD_RST                                                                                 |                                cdc_sync__parameterized0_22 |          0 |          0 |       0 |    0 |     4 |      0 |      0 |          0 |
|           REG_HRD_RST_OUT                                                                             |                                cdc_sync__parameterized0_23 |          0 |          0 |       0 |    0 |     4 |      0 |      0 |          0 |
|     axi_iic_audio                                                                                     |                                 design_SoC_axi_iic_audio_0 |        381 |        371 |       0 |   10 |   374 |      0 |      0 |          0 |
|       U0                                                                                              |                                                    axi_iic |        381 |        371 |       0 |   10 |   374 |      0 |      0 |          0 |
|         X_IIC                                                                                         |                                                        iic |        381 |        371 |       0 |   10 |   374 |      0 |      0 |          0 |
|           (X_IIC)                                                                                     |                                                        iic |          0 |          0 |       0 |    0 |     4 |      0 |      0 |          0 |
|           DYN_MASTER_I                                                                                |                                             dynamic_master |         15 |         15 |       0 |    0 |    16 |      0 |      0 |          0 |
|           FILTER_I                                                                                    |                                                     filter |          2 |          2 |       0 |    0 |     8 |      0 |      0 |          0 |
|             SCL_DEBOUNCE                                                                              |                                                   debounce |          1 |          1 |       0 |    0 |     4 |      0 |      0 |          0 |
|               INPUT_DOUBLE_REGS                                                                       |                                cdc_sync__parameterized0_20 |          1 |          1 |       0 |    0 |     4 |      0 |      0 |          0 |
|             SDA_DEBOUNCE                                                                              |                                                debounce_19 |          1 |          1 |       0 |    0 |     4 |      0 |      0 |          0 |
|               INPUT_DOUBLE_REGS                                                                       |                                   cdc_sync__parameterized0 |          1 |          1 |       0 |    0 |     4 |      0 |      0 |          0 |
|           IIC_CONTROL_I                                                                               |                                                iic_control |        134 |        134 |       0 |    0 |   115 |      0 |      0 |          0 |
|             (IIC_CONTROL_I)                                                                           |                                                iic_control |         60 |         60 |       0 |    0 |    75 |      0 |      0 |          0 |
|             BITCNT                                                                                    |                     axi_iic_v2_1_9_upcnt_n__parameterized0 |         11 |         11 |       0 |    0 |     4 |      0 |      0 |          0 |
|             CLKCNT                                                                                    |                                     axi_iic_v2_1_9_upcnt_n |         34 |         34 |       0 |    0 |    10 |      0 |      0 |          0 |
|             I2CDATA_REG                                                                               |                                                     shift8 |          7 |          7 |       0 |    0 |     8 |      0 |      0 |          0 |
|             I2CHEADER_REG                                                                             |                                                  shift8_17 |         15 |         15 |       0 |    0 |     8 |      0 |      0 |          0 |
|             SETUP_CNT                                                                                 |                                  axi_iic_v2_1_9_upcnt_n_18 |         11 |         11 |       0 |    0 |    10 |      0 |      0 |          0 |
|           READ_FIFO_I                                                                                 |                                                   SRL_FIFO |         14 |         10 |       0 |    4 |     5 |      0 |      0 |          0 |
|           REG_INTERFACE_I                                                                             |                                              reg_interface |         67 |         67 |       0 |    0 |   124 |      0 |      0 |          0 |
|           WRITE_FIFO_CTRL_I                                                                           |                                   SRL_FIFO__parameterized0 |          9 |          7 |       0 |    2 |     5 |      0 |      0 |          0 |
|           WRITE_FIFO_I                                                                                |                                                SRL_FIFO_16 |         16 |         12 |       0 |    4 |     5 |      0 |      0 |          0 |
|           X_AXI_IPIF_SSP1                                                                             |                                              axi_ipif_ssp1 |        131 |        131 |       0 |    0 |    92 |      0 |      0 |          0 |
|             (X_AXI_IPIF_SSP1)                                                                         |                                              axi_ipif_ssp1 |          0 |          0 |       0 |    0 |     4 |      0 |      0 |          0 |
|             AXI_LITE_IPIF_I                                                                           |                                              axi_lite_ipif |        119 |        119 |       0 |    0 |    64 |      0 |      0 |          0 |
|               I_SLAVE_ATTACHMENT                                                                      |                                           slave_attachment |        119 |        119 |       0 |    0 |    64 |      0 |      0 |          0 |
|                 (I_SLAVE_ATTACHMENT)                                                                  |                                           slave_attachment |         62 |         62 |       0 |    0 |    39 |      0 |      0 |          0 |
|                 I_DECODER                                                                             |                                            address_decoder |         59 |         59 |       0 |    0 |    25 |      0 |      0 |          0 |
|             X_INTERRUPT_CONTROL                                                                       |                                          interrupt_control |          8 |          8 |       0 |    0 |    18 |      0 |      0 |          0 |
|             X_SOFT_RESET                                                                              |                                                 soft_reset |          4 |          4 |       0 |    0 |     6 |      0 |      0 |          0 |
|     axis_data_fifo_0                                                                                  |                              design_SoC_axis_data_fifo_0_0 |         47 |         47 |       0 |    0 |    53 |      1 |      0 |          0 |
|       inst                                                                                            |                      axis_data_fifo_v2_0_15_top__xdcDup__1 |         47 |         47 |       0 |    0 |    53 |      1 |      0 |          0 |
|         gen_fifo.xpm_fifo_axis_inst                                                                   |                                   xpm_fifo_axis__xdcDup__1 |         47 |         47 |       0 |    0 |    53 |      1 |      0 |          0 |
|           (gen_fifo.xpm_fifo_axis_inst)                                                               |                                   xpm_fifo_axis__xdcDup__1 |          2 |          2 |       0 |    0 |     0 |      0 |      0 |          0 |
|           gaxis_rst_sync.xpm_cdc_sync_rst_inst                                                        |                                           xpm_cdc_sync_rst |          0 |          0 |       0 |    0 |     4 |      0 |      0 |          0 |
|           xpm_fifo_base_inst                                                                          |                              xpm_fifo_base__parameterized5 |         45 |         45 |       0 |    0 |    49 |      1 |      0 |          0 |
|             (xpm_fifo_base_inst)                                                                      |                              xpm_fifo_base__parameterized5 |          4 |          4 |       0 |    0 |     7 |      0 |      0 |          0 |
|             gen_sdpram.xpm_memory_base_inst                                                           |                            xpm_memory_base__parameterized4 |          0 |          0 |       0 |    0 |     0 |      1 |      0 |          0 |
|             rdp_inst                                                                                  |                       xpm_counter_updn__parameterized12_10 |          7 |          7 |       0 |    0 |     9 |      0 |      0 |          0 |
|             rdpp1_inst                                                                                |                       xpm_counter_updn__parameterized13_11 |         11 |         11 |       0 |    0 |     9 |      0 |      0 |          0 |
|             rst_d1_inst                                                                               |                                        xpm_fifo_reg_bit_12 |          4 |          4 |       0 |    0 |     1 |      0 |      0 |          0 |
|             wrp_inst                                                                                  |                       xpm_counter_updn__parameterized12_13 |          9 |          9 |       0 |    0 |     9 |      0 |      0 |          0 |
|             wrpp1_inst                                                                                |                       xpm_counter_updn__parameterized13_14 |         10 |         10 |       0 |    0 |     9 |      0 |      0 |          0 |
|             xpm_fifo_rst_inst                                                                         |                            xpm_fifo_rst__parameterized0_15 |          2 |          2 |       0 |    0 |     5 |      0 |      0 |          0 |
|     axis_data_fifo_1                                                                                  |                              design_SoC_axis_data_fifo_1_0 |         50 |         50 |       0 |    0 |    53 |      1 |      0 |          0 |
|       inst                                                                                            |                                 axis_data_fifo_v2_0_15_top |         50 |         50 |       0 |    0 |    53 |      1 |      0 |          0 |
|         gen_fifo.xpm_fifo_axis_inst                                                                   |                                              xpm_fifo_axis |         50 |         50 |       0 |    0 |    53 |      1 |      0 |          0 |
|           (gen_fifo.xpm_fifo_axis_inst)                                                               |                                              xpm_fifo_axis |          2 |          2 |       0 |    0 |     0 |      0 |      0 |          0 |
|           gaxis_rst_sync.xpm_cdc_sync_rst_inst                                                        |                                        xpm_cdc_sync_rst__2 |          0 |          0 |       0 |    0 |     4 |      0 |      0 |          0 |
|           xpm_fifo_base_inst                                                                          |                           xpm_fifo_base__parameterized5__2 |         48 |         48 |       0 |    0 |    49 |      1 |      0 |          0 |
|             (xpm_fifo_base_inst)                                                                      |                           xpm_fifo_base__parameterized5__2 |          4 |          4 |       0 |    0 |     7 |      0 |      0 |          0 |
|             gen_sdpram.xpm_memory_base_inst                                                           |                         xpm_memory_base__parameterized4__2 |          1 |          1 |       0 |    0 |     0 |      1 |      0 |          0 |
|             rdp_inst                                                                                  |                          xpm_counter_updn__parameterized12 |          7 |          7 |       0 |    0 |     9 |      0 |      0 |          0 |
|             rdpp1_inst                                                                                |                          xpm_counter_updn__parameterized13 |         11 |         11 |       0 |    0 |     9 |      0 |      0 |          0 |
|             rst_d1_inst                                                                               |                                         xpm_fifo_reg_bit_7 |          4 |          4 |       0 |    0 |     1 |      0 |      0 |          0 |
|             wrp_inst                                                                                  |                        xpm_counter_updn__parameterized12_8 |          9 |          9 |       0 |    0 |     9 |      0 |      0 |          0 |
|             wrpp1_inst                                                                                |                        xpm_counter_updn__parameterized13_9 |         10 |         10 |       0 |    0 |     9 |      0 |      0 |          0 |
|             xpm_fifo_rst_inst                                                                         |                               xpm_fifo_rst__parameterized0 |          2 |          2 |       0 |    0 |     5 |      0 |      0 |          0 |
|     i2s_receiver_audio                                                                                |                            design_SoC_i2s_receiver_audio_0 |        459 |        459 |       0 |    0 |  1635 |      0 |      1 |          0 |
|       inst                                                                                            |                                        i2s_receiver_v1_0_9 |        459 |        459 |       0 |    0 |  1635 |      0 |      1 |          0 |
|         I2S_RX_V1_0_SYS_INST                                                                          |                                    i2s_receiver_v1_0_9_sys |        459 |        459 |       0 |    0 |  1635 |      0 |      1 |          0 |
|           (I2S_RX_V1_0_SYS_INST)                                                                      |                                    i2s_receiver_v1_0_9_sys |         18 |         18 |       0 |    0 |    77 |      0 |      0 |          0 |
|           AXIS_FIFO_INST                                                                              |                             i2s_receiver_v1_0_9_async_fifo |        101 |        101 |       0 |    0 |   115 |      0 |      1 |          0 |
|             (AXIS_FIFO_INST)                                                                          |                             i2s_receiver_v1_0_9_async_fifo |         19 |         19 |       0 |    0 |     0 |      0 |      0 |          0 |
|             xpm_fifo_async_inst                                                                       |                                  xpm_fifo_async__xdcDup__1 |         82 |         82 |       0 |    0 |   115 |      0 |      1 |          0 |
|               gnuram_async_fifo.xpm_fifo_base_inst                                                    |                   xpm_fifo_base__parameterized6__xdcDup__1 |         82 |         82 |       0 |    0 |   115 |      0 |      1 |          0 |
|                 (gnuram_async_fifo.xpm_fifo_base_inst)                                                |                   xpm_fifo_base__parameterized6__xdcDup__1 |          4 |          4 |       0 |    0 |     6 |      0 |      0 |          0 |
|                 gen_cdc_pntr.rd_pntr_cdc_inst                                                         |                                            xpm_cdc_gray__5 |          9 |          9 |       0 |    0 |    21 |      0 |      0 |          0 |
|                 gen_cdc_pntr.rpw_gray_reg                                                             |                                        xpm_fifo_reg_vec_57 |          7 |          7 |       0 |    0 |     7 |      0 |      0 |          0 |
|                 gen_cdc_pntr.wpr_gray_reg                                                             |                                        xpm_fifo_reg_vec_59 |          2 |          2 |       0 |    0 |     7 |      0 |      0 |          0 |
|                 gen_cdc_pntr.wr_pntr_cdc_inst                                                         |                                            xpm_cdc_gray__4 |          9 |          9 |       0 |    0 |    21 |      0 |      0 |          0 |
|                 gen_sdpram.xpm_memory_base_inst                                                       |                         xpm_memory_base__parameterized5__2 |          0 |          0 |       0 |    0 |     0 |      0 |      1 |          0 |
|                 rdp_inst                                                                              |                        xpm_counter_updn__parameterized9_62 |         10 |         10 |       0 |    0 |     7 |      0 |      0 |          0 |
|                 rdpp1_inst                                                                            |                       xpm_counter_updn__parameterized10_63 |          8 |          8 |       0 |    0 |     7 |      0 |      0 |          0 |
|                 rst_d1_inst                                                                           |                                        xpm_fifo_reg_bit_64 |          0 |          0 |       0 |    0 |     1 |      0 |      0 |          0 |
|                 wrp_inst                                                                              |                        xpm_counter_updn__parameterized9_65 |          6 |          6 |       0 |    0 |     7 |      0 |      0 |          0 |
|                 wrpp1_inst                                                                            |                       xpm_counter_updn__parameterized10_66 |          6 |          6 |       0 |    0 |     7 |      0 |      0 |          0 |
|                 wrpp2_inst                                                                            |                        xpm_counter_updn__parameterized8_67 |          6 |          6 |       0 |    0 |     7 |      0 |      0 |          0 |
|                 xpm_fifo_rst_inst                                                                     |                    xpm_fifo_rst__parameterized1__xdcDup__1 |         16 |         16 |       0 |    0 |    17 |      0 |      0 |          0 |
|                   (xpm_fifo_rst_inst)                                                                 |                    xpm_fifo_rst__parameterized1__xdcDup__1 |         16 |         16 |       0 |    0 |    13 |      0 |      0 |          0 |
|                   gen_rst_ic.rrst_wr_inst                                                             |                        xpm_cdc_sync_rst__parameterized0__5 |          0 |          0 |       0 |    0 |     2 |      0 |      0 |          0 |
|                   gen_rst_ic.wrst_rd_inst                                                             |                        xpm_cdc_sync_rst__parameterized0__4 |          0 |          0 |       0 |    0 |     2 |      0 |      0 |          0 |
|           CDC_AESBLKCMPLT_INST                                                                        |                   xpm_cdc_pulse__parameterized0__xdcDup__3 |          2 |          2 |       0 |    0 |     6 |      0 |      0 |          0 |
|             (CDC_AESBLKCMPLT_INST)                                                                    |                   xpm_cdc_pulse__parameterized0__xdcDup__3 |          2 |          2 |       0 |    0 |     4 |      0 |      0 |          0 |
|             xpm_cdc_single_inst                                                                       |                          xpm_cdc_single__parameterized1__7 |          0 |          0 |       0 |    0 |     2 |      0 |      0 |          0 |
|           CDC_AESCAPTCHSTS_INST                                                                       |                                   xpm_cdc_pulse__xdcDup__2 |          2 |          2 |       0 |    0 |     8 |      0 |      0 |          0 |
|             (CDC_AESCAPTCHSTS_INST)                                                                   |                                   xpm_cdc_pulse__xdcDup__2 |          2 |          2 |       0 |    0 |     4 |      0 |      0 |          0 |
|             xpm_cdc_single_inst                                                                       |                          xpm_cdc_single__parameterized0__3 |          0 |          0 |       0 |    0 |     4 |      0 |      0 |          0 |
|           CDC_AESCHSTS_INST                                                                           |                    xpm_cdc_array_single__parameterized2__1 |          0 |          0 |       0 |    0 |   576 |      0 |      0 |          0 |
|           CDC_AUDOVF_INST                                                                             |                   xpm_cdc_pulse__parameterized0__xdcDup__1 |          2 |          2 |       0 |    0 |     6 |      0 |      0 |          0 |
|             (CDC_AUDOVF_INST)                                                                         |                   xpm_cdc_pulse__parameterized0__xdcDup__1 |          2 |          2 |       0 |    0 |     4 |      0 |      0 |          0 |
|             xpm_cdc_single_inst                                                                       |                          xpm_cdc_single__parameterized1__6 |          0 |          0 |       0 |    0 |     2 |      0 |      0 |          0 |
|           CDC_ENABLE_AXIS_INST                                                                        |                                         xpm_cdc_single__14 |          0 |          0 |       0 |    0 |     3 |      0 |      0 |          0 |
|           CDC_ENABLE_MCLK_INST                                                                        |                                         xpm_cdc_single__13 |          0 |          0 |       0 |    0 |     3 |      0 |      0 |          0 |
|           CDC_HBR_MODE_AXIS_INST                                                                      |                                         xpm_cdc_single__16 |          0 |          0 |       0 |    0 |     3 |      0 |      0 |          0 |
|           CDC_LR_INST                                                                                 |                                         xpm_cdc_single__10 |          0 |          0 |       0 |    0 |     3 |      0 |      0 |          0 |
|           CDC_NORML_EXTD_INST                                                                         |                                         xpm_cdc_single__11 |          0 |          0 |       0 |    0 |     2 |      0 |      0 |          0 |
|           CDC_OPMODE_INST                                                                             |                                         xpm_cdc_single__12 |          0 |          0 |       0 |    0 |     3 |      0 |      0 |          0 |
|           CDC_VALIDITY_AXIS_INST                                                                      |                                         xpm_cdc_single__15 |          0 |          0 |       0 |    0 |     3 |      0 |      0 |          0 |
|           I2S_RX_V1_0_AES_ENCODER_INST                                                                |                                i2s_receiver_v1_0_9_aes_enc |        118 |        118 |       0 |    0 |   463 |      0 |      0 |          0 |
|           I2S_RX_V1_0_AXI_INST                                                                        |                                    i2s_receiver_v1_0_9_axi |        184 |        184 |       0 |    0 |   286 |      0 |      0 |          0 |
|           genblk1[0].CDC_CHMUX_INST                                                                   |                    xpm_cdc_array_single__parameterized0__2 |          0 |          0 |       0 |    0 |     9 |      0 |      0 |          0 |
|           genblk3[0].I2S_RX_V1_0_SER_INST                                                             |                                    i2s_receiver_v1_0_9_ser |         32 |         32 |       0 |    0 |    69 |      0 |      0 |          0 |
|     i2s_transmitter_audio                                                                             |                         design_SoC_i2s_transmitter_audio_0 |        558 |        558 |       0 |    0 |  1658 |      0 |      1 |          0 |
|       inst                                                                                            |                                     i2s_transmitter_v1_0_9 |        558 |        558 |       0 |    0 |  1658 |      0 |      1 |          0 |
|         I2S_TX_V1_0_SYS_INST                                                                          |                                 i2s_transmitter_v1_0_9_sys |        558 |        558 |       0 |    0 |  1658 |      0 |      1 |          0 |
|           (I2S_TX_V1_0_SYS_INST)                                                                      |                                 i2s_transmitter_v1_0_9_sys |          6 |          6 |       0 |    0 |    64 |      0 |      0 |          0 |
|           AXIS_FIFO_INST                                                                              |                          i2s_transmitter_v1_0_9_async_fifo |        172 |        172 |       0 |    0 |   169 |      0 |      1 |          0 |
|             (AXIS_FIFO_INST)                                                                          |                          i2s_transmitter_v1_0_9_async_fifo |         63 |         63 |       0 |    0 |     0 |      0 |      0 |          0 |
|             xpm_fifo_async_inst                                                                       |                                             xpm_fifo_async |        109 |        109 |       0 |    0 |   169 |      0 |      1 |          0 |
|               gnuram_async_fifo.xpm_fifo_base_inst                                                    |                              xpm_fifo_base__parameterized6 |        109 |        109 |       0 |    0 |   169 |      0 |      1 |          0 |
|                 (gnuram_async_fifo.xpm_fifo_base_inst)                                                |                              xpm_fifo_base__parameterized6 |          4 |          4 |       0 |    0 |     8 |      0 |      0 |          0 |
|                 gen_cdc_pntr.rd_pntr_cdc_inst                                                         |                                               xpm_cdc_gray |          9 |          9 |       0 |    0 |    21 |      0 |      0 |          0 |
|                 gen_cdc_pntr.rpw_gray_reg                                                             |                                           xpm_fifo_reg_vec |          7 |          7 |       0 |    0 |     7 |      0 |      0 |          0 |
|                 gen_cdc_pntr.wpr_gray_reg                                                             |                                         xpm_fifo_reg_vec_3 |          2 |          2 |       0 |    0 |     7 |      0 |      0 |          0 |
|                 gen_cdc_pntr.wpr_gray_reg_dc                                                          |                         xpm_fifo_reg_vec__parameterized0_4 |          6 |          6 |       0 |    0 |     8 |      0 |      0 |          0 |
|                 gen_cdc_pntr.wr_pntr_cdc_dc_inst                                                      |                               xpm_cdc_gray__parameterized0 |         11 |         11 |       0 |    0 |    40 |      0 |      0 |          0 |
|                 gen_cdc_pntr.wr_pntr_cdc_inst                                                         |                                            xpm_cdc_gray__6 |          9 |          9 |       0 |    0 |    21 |      0 |      0 |          0 |
|                 gen_fwft.rdpp1_inst                                                                   |                                           xpm_counter_updn |          5 |          5 |       0 |    0 |     2 |      0 |      0 |          0 |
|                 gen_sdpram.xpm_memory_base_inst                                                       |                            xpm_memory_base__parameterized5 |          0 |          0 |       0 |    0 |     0 |      0 |      1 |          0 |
|                 rdp_inst                                                                              |                           xpm_counter_updn__parameterized9 |         19 |         19 |       0 |    0 |     8 |      0 |      0 |          0 |
|                 rdpp1_inst                                                                            |                          xpm_counter_updn__parameterized10 |          8 |          8 |       0 |    0 |     7 |      0 |      0 |          0 |
|                 rst_d1_inst                                                                           |                                           xpm_fifo_reg_bit |          0 |          0 |       0 |    0 |     1 |      0 |      0 |          0 |
|                 wrp_inst                                                                              |                         xpm_counter_updn__parameterized9_5 |          8 |          8 |       0 |    0 |     8 |      0 |      0 |          0 |
|                 wrpp1_inst                                                                            |                        xpm_counter_updn__parameterized10_6 |          6 |          6 |       0 |    0 |     7 |      0 |      0 |          0 |
|                 wrpp2_inst                                                                            |                           xpm_counter_updn__parameterized8 |          6 |          6 |       0 |    0 |     7 |      0 |      0 |          0 |
|                 xpm_fifo_rst_inst                                                                     |                               xpm_fifo_rst__parameterized1 |         17 |         17 |       0 |    0 |    17 |      0 |      0 |          0 |
|                   (xpm_fifo_rst_inst)                                                                 |                               xpm_fifo_rst__parameterized1 |         17 |         17 |       0 |    0 |    13 |      0 |      0 |          0 |
|                   gen_rst_ic.rrst_wr_inst                                                             |                           xpm_cdc_sync_rst__parameterized0 |          0 |          0 |       0 |    0 |     2 |      0 |      0 |          0 |
|                   gen_rst_ic.wrst_rd_inst                                                             |                        xpm_cdc_sync_rst__parameterized0__6 |          0 |          0 |       0 |    0 |     2 |      0 |      0 |          0 |
|           CDC_AESBLKCMPLT_INST                                                                        |                   xpm_cdc_pulse__parameterized0__xdcDup__4 |          2 |          2 |       0 |    0 |     6 |      0 |      0 |          0 |
|             (CDC_AESBLKCMPLT_INST)                                                                    |                   xpm_cdc_pulse__parameterized0__xdcDup__4 |          2 |          2 |       0 |    0 |     4 |      0 |      0 |          0 |
|             xpm_cdc_single_inst                                                                       |                             xpm_cdc_single__parameterized1 |          0 |          0 |       0 |    0 |     2 |      0 |      0 |          0 |
|           CDC_AESBSYNCERR_INST                                                                        |                   xpm_cdc_pulse__parameterized0__xdcDup__5 |          2 |          2 |       0 |    0 |     6 |      0 |      0 |          0 |
|             (CDC_AESBSYNCERR_INST)                                                                    |                   xpm_cdc_pulse__parameterized0__xdcDup__5 |          2 |          2 |       0 |    0 |     4 |      0 |      0 |          0 |
|             xpm_cdc_single_inst                                                                       |                         xpm_cdc_single__parameterized1__10 |          0 |          0 |       0 |    0 |     2 |      0 |      0 |          0 |
|           CDC_AESCHSTSUPD_INST                                                                        |                                              xpm_cdc_pulse |          2 |          2 |       0 |    0 |     8 |      0 |      0 |          0 |
|             (CDC_AESCHSTSUPD_INST)                                                                    |                                              xpm_cdc_pulse |          2 |          2 |       0 |    0 |     4 |      0 |      0 |          0 |
|             xpm_cdc_single_inst                                                                       |                             xpm_cdc_single__parameterized0 |          0 |          0 |       0 |    0 |     4 |      0 |      0 |          0 |
|           CDC_AESCHSTS_INST                                                                           |                       xpm_cdc_array_single__parameterized2 |          0 |          0 |       0 |    0 |   576 |      0 |      0 |          0 |
|           CDC_AESCLRCHSTS_INST                                                                        |                              xpm_cdc_pulse__parameterized0 |          2 |          2 |       0 |    0 |     6 |      0 |      0 |          0 |
|             (CDC_AESCLRCHSTS_INST)                                                                    |                              xpm_cdc_pulse__parameterized0 |          2 |          2 |       0 |    0 |     4 |      0 |      0 |          0 |
|             xpm_cdc_single_inst                                                                       |                          xpm_cdc_single__parameterized1__9 |          0 |          0 |       0 |    0 |     2 |      0 |      0 |          0 |
|           CDC_AUDUFLOW_INST                                                                           |                   xpm_cdc_pulse__parameterized0__xdcDup__2 |          2 |          2 |       0 |    0 |     6 |      0 |      0 |          0 |
|             (CDC_AUDUFLOW_INST)                                                                       |                   xpm_cdc_pulse__parameterized0__xdcDup__2 |          2 |          2 |       0 |    0 |     4 |      0 |      0 |          0 |
|             xpm_cdc_single_inst                                                                       |                          xpm_cdc_single__parameterized1__8 |          0 |          0 |       0 |    0 |     2 |      0 |      0 |          0 |
|           CDC_ENABLE_AXIS_INST                                                                        |                                         xpm_cdc_single__22 |          0 |          0 |       0 |    0 |     3 |      0 |      0 |          0 |
|           CDC_ENABLE_MCLK_INST                                                                        |                                         xpm_cdc_single__18 |          0 |          0 |       0 |    0 |     3 |      0 |      0 |          0 |
|           CDC_JUSTIFY_MCLK_INST                                                                       |                                         xpm_cdc_single__19 |          0 |          0 |       0 |    0 |     3 |      0 |      0 |          0 |
|           CDC_LR_MCLK_INST                                                                            |                                         xpm_cdc_single__21 |          0 |          0 |       0 |    0 |     3 |      0 |      0 |          0 |
|           CDC_MRST_INST                                                                               |                          xpm_cdc_async_rst__parameterized0 |          0 |          0 |       0 |    0 |     2 |      0 |      0 |          0 |
|           CDC_NORMAL_EXTD_MCLK_INST                                                                   |                                         xpm_cdc_single__20 |          0 |          0 |       0 |    0 |     2 |      0 |      0 |          0 |
|           CDC_SCLKDIV_INST                                                                            |                       xpm_cdc_array_single__parameterized1 |          0 |          0 |       0 |    0 |    24 |      0 |      0 |          0 |
|           CDC_VALIDITY_AXISCLK_INST                                                                   |                                             xpm_cdc_single |          0 |          0 |       0 |    0 |     3 |      0 |      0 |          0 |
|           I2S_TX_V1_0_AES_DECODE_INST                                                                 |                             i2s_transmitter_v1_0_9_aes_dec |         96 |         96 |       0 |    0 |   412 |      0 |      0 |          0 |
|           I2S_TX_V1_0_AXI_INST                                                                        |                                 i2s_transmitter_v1_0_9_axi |        176 |        176 |       0 |    0 |   291 |      0 |      0 |          0 |
|           I2S_TX_V1_0_TIMGEN_INST                                                                     |                              i2s_transmitter_v1_0_9_timgen |         40 |         40 |       0 |    0 |    27 |      0 |      0 |          0 |
|           genblk1[0].CDC_CHMUX_INST                                                                   |                       xpm_cdc_array_single__parameterized0 |          0 |          0 |       0 |    0 |     9 |      0 |      0 |          0 |
|           genblk4[0].I2S_TX_V1_0_SER_INST                                                             |                                 i2s_transmitter_v1_0_9_ser |         58 |         58 |       0 |    0 |    35 |      0 |      0 |          0 |
|     neural_processing_un_0                                                                            |                        design_SoC_neural_processing_un_0_6 |      33483 |      32153 |    1328 |    2 | 43886 |     84 |     55 |        192 |
|       (neural_processing_un_0)                                                                        |                        design_SoC_neural_processing_un_0_6 |          0 |          0 |       0 |    0 |    92 |      0 |      0 |          0 |
|       inst                                                                                            |                         neural_processing_unit_unified_6_0 |      33483 |      32153 |    1328 |    2 | 43794 |     84 |     55 |        192 |
|         (inst)                                                                                        |                         neural_processing_unit_unified_6_0 |          0 |          0 |       0 |    0 |     4 |      0 |      0 |          0 |
|         u_bcore                                                                                       |                                           b_compute_top_16 |      21068 |      19738 |    1328 |    2 | 24526 |      0 |      0 |        192 |
|           (u_bcore)                                                                                   |                                           b_compute_top_16 |         19 |         19 |       0 |    0 |    30 |      0 |      0 |          0 |
|           u_global_pool_16                                                                            |                                             global_pool_16 |       2894 |       2318 |     576 |    0 |  3758 |      0 |      0 |          0 |
|           u_unified_compute_core_16                                                                   |                                    unified_compute_core_16 |      18155 |      17401 |     752 |    2 | 20738 |      0 |      0 |        192 |
|             (u_unified_compute_core_16)                                                               |                                    unified_compute_core_16 |        114 |        114 |       0 |    0 |  1036 |      0 |      0 |          0 |
|             u_conv_postprocess_16                                                                     |                                        conv_postprocess_16 |       5590 |       4838 |     752 |    0 |  5624 |      0 |      0 |          0 |
|               (u_conv_postprocess_16)                                                                 |                                        conv_postprocess_16 |          0 |          0 |       0 |    0 |  1979 |      0 |      0 |          0 |
|               u_maxpool1d48_16                                                                        |                                             maxpool1d48_16 |       2358 |       1606 |     752 |    0 |   903 |      0 |      0 |          0 |
|               u_relu48_16                                                                             |                                                  relu48_16 |        389 |        389 |       0 |    0 |   769 |      0 |      0 |          0 |
|               u_requantize48_to_int16_16                                                              |                               requantize48_to_int16_16_511 |       2843 |       2843 |       0 |    0 |  1973 |      0 |      0 |          0 |
|             u_fc_postprocess_16                                                                       |                                          fc_postprocess_16 |       5184 |       5184 |       0 |    0 |  2988 |      0 |      0 |          0 |
|               (u_fc_postprocess_16)                                                                   |                                          fc_postprocess_16 |        385 |        385 |       0 |    0 |   919 |      0 |      0 |          0 |
|               u_requantize48_to_int16_16                                                              |                                   requantize48_to_int16_16 |       4799 |       4799 |       0 |    0 |  2069 |      0 |      0 |          0 |
|             u_shared_mac_acc_core                                                                     |                                        shared_mac_acc_core |       7269 |       7267 |       0 |    2 | 11090 |      0 |      0 |        192 |
|               (u_shared_mac_acc_core)                                                                 |                                        shared_mac_acc_core |        233 |        231 |       0 |    2 |  4671 |      0 |      0 |          0 |
|               u_conv_compute_ctrl                                                                     |                                          conv_compute_ctrl |        133 |        133 |       0 |    0 |    59 |      0 |      0 |          0 |
|               u_fc_compute_ctrl                                                                       |                                            fc_compute_ctrl |        130 |        130 |       0 |    0 |    28 |      0 |      0 |          0 |
|               u_shared_mac_array_16x3x4                                                               |                                           mac_array_16x3x4 |       6790 |       6790 |       0 |    0 |  6332 |      0 |      0 |        192 |
|                 (u_shared_mac_array_16x3x4)                                                           |                                           mac_array_16x3x4 |          1 |          1 |       0 |    0 |     1 |      0 |      0 |          0 |
|                 GEN_PIN4_LANE[0].u_lane                                                               |                                         pin4_mac_lane_3tap |        433 |        433 |       0 |    0 |   364 |      0 |      0 |         12 |
|                 GEN_PIN4_LANE[10].u_lane                                                              |                                     pin4_mac_lane_3tap_496 |        442 |        442 |       0 |    0 |   367 |      0 |      0 |         12 |
|                 GEN_PIN4_LANE[11].u_lane                                                              |                                     pin4_mac_lane_3tap_497 |        418 |        418 |       0 |    0 |   367 |      0 |      0 |         12 |
|                 GEN_PIN4_LANE[12].u_lane                                                              |                                     pin4_mac_lane_3tap_498 |        414 |        414 |       0 |    0 |   367 |      0 |      0 |         12 |
|                 GEN_PIN4_LANE[13].u_lane                                                              |                                     pin4_mac_lane_3tap_499 |        411 |        411 |       0 |    0 |   367 |      0 |      0 |         12 |
|                 GEN_PIN4_LANE[14].u_lane                                                              |                                     pin4_mac_lane_3tap_500 |        412 |        412 |       0 |    0 |   367 |      0 |      0 |         12 |
|                 GEN_PIN4_LANE[15].u_lane                                                              |                                     pin4_mac_lane_3tap_501 |        416 |        416 |       0 |    0 |   835 |      0 |      0 |         12 |
|                 GEN_PIN4_LANE[1].u_lane                                                               |                                     pin4_mac_lane_3tap_502 |        411 |        411 |       0 |    0 |   364 |      0 |      0 |         12 |
|                 GEN_PIN4_LANE[2].u_lane                                                               |                                     pin4_mac_lane_3tap_503 |        434 |        434 |       0 |    0 |   364 |      0 |      0 |         12 |
|                 GEN_PIN4_LANE[3].u_lane                                                               |                                     pin4_mac_lane_3tap_504 |        445 |        445 |       0 |    0 |   367 |      0 |      0 |         12 |
|                 GEN_PIN4_LANE[4].u_lane                                                               |                                     pin4_mac_lane_3tap_505 |        437 |        437 |       0 |    0 |   367 |      0 |      0 |         12 |
|                 GEN_PIN4_LANE[5].u_lane                                                               |                                     pin4_mac_lane_3tap_506 |        419 |        419 |       0 |    0 |   367 |      0 |      0 |         12 |
|                 GEN_PIN4_LANE[6].u_lane                                                               |                                     pin4_mac_lane_3tap_507 |        447 |        447 |       0 |    0 |   367 |      0 |      0 |         12 |
|                 GEN_PIN4_LANE[7].u_lane                                                               |                                     pin4_mac_lane_3tap_508 |        411 |        411 |       0 |    0 |   367 |      0 |      0 |         12 |
|                 GEN_PIN4_LANE[8].u_lane                                                               |                                     pin4_mac_lane_3tap_509 |        411 |        411 |       0 |    0 |   367 |      0 |      0 |         12 |
|                 GEN_PIN4_LANE[9].u_lane                                                               |                                     pin4_mac_lane_3tap_510 |        439 |        439 |       0 |    0 |   367 |      0 |      0 |         12 |
|         u_conv1                                                                                       |                                         npu_conv1_frontend |        245 |        245 |       0 |    0 |   421 |      0 |      0 |          0 |
|         u_conv_params                                                                                 |                              npu_unified_conv_param_system |       2989 |       2989 |       0 |    0 |  1417 |     64 |      4 |          0 |
|           (u_conv_params)                                                                             |                              npu_unified_conv_param_system |       2989 |       2989 |       0 |    0 |  1417 |      0 |      0 |          0 |
|           GEN_BIAS_LANE[0].u_bias                                                                     |                      xpm_memory_sdpram__parameterized0__17 |          0 |          0 |       0 |    0 |     0 |      1 |      0 |          0 |
|             xpm_memory_base_inst                                                                      |                        xpm_memory_base__parameterized7__17 |          0 |          0 |       0 |    0 |     0 |      1 |      0 |          0 |
|           GEN_BIAS_LANE[10].u_bias                                                                    |                      xpm_memory_sdpram__parameterized0__27 |          0 |          0 |       0 |    0 |     0 |      1 |      0 |          0 |
|             xpm_memory_base_inst                                                                      |                        xpm_memory_base__parameterized7__27 |          0 |          0 |       0 |    0 |     0 |      1 |      0 |          0 |
|           GEN_BIAS_LANE[11].u_bias                                                                    |                      xpm_memory_sdpram__parameterized0__28 |          0 |          0 |       0 |    0 |     0 |      1 |      0 |          0 |
|             xpm_memory_base_inst                                                                      |                        xpm_memory_base__parameterized7__28 |          0 |          0 |       0 |    0 |     0 |      1 |      0 |          0 |
|           GEN_BIAS_LANE[12].u_bias                                                                    |                      xpm_memory_sdpram__parameterized0__29 |          0 |          0 |       0 |    0 |     0 |      1 |      0 |          0 |
|             xpm_memory_base_inst                                                                      |                        xpm_memory_base__parameterized7__29 |          0 |          0 |       0 |    0 |     0 |      1 |      0 |          0 |
|           GEN_BIAS_LANE[13].u_bias                                                                    |                      xpm_memory_sdpram__parameterized0__30 |          0 |          0 |       0 |    0 |     0 |      1 |      0 |          0 |
|             xpm_memory_base_inst                                                                      |                        xpm_memory_base__parameterized7__30 |          0 |          0 |       0 |    0 |     0 |      1 |      0 |          0 |
|           GEN_BIAS_LANE[14].u_bias                                                                    |                      xpm_memory_sdpram__parameterized0__31 |          0 |          0 |       0 |    0 |     0 |      1 |      0 |          0 |
|             xpm_memory_base_inst                                                                      |                        xpm_memory_base__parameterized7__31 |          0 |          0 |       0 |    0 |     0 |      1 |      0 |          0 |
|           GEN_BIAS_LANE[15].u_bias                                                                    |                          xpm_memory_sdpram__parameterized0 |          0 |          0 |       0 |    0 |     0 |      1 |      0 |          0 |
|             xpm_memory_base_inst                                                                      |                            xpm_memory_base__parameterized7 |          0 |          0 |       0 |    0 |     0 |      1 |      0 |          0 |
|           GEN_BIAS_LANE[1].u_bias                                                                     |                      xpm_memory_sdpram__parameterized0__18 |          0 |          0 |       0 |    0 |     0 |      1 |      0 |          0 |
|             xpm_memory_base_inst                                                                      |                        xpm_memory_base__parameterized7__18 |          0 |          0 |       0 |    0 |     0 |      1 |      0 |          0 |
|           GEN_BIAS_LANE[2].u_bias                                                                     |                      xpm_memory_sdpram__parameterized0__19 |          0 |          0 |       0 |    0 |     0 |      1 |      0 |          0 |
|             xpm_memory_base_inst                                                                      |                        xpm_memory_base__parameterized7__19 |          0 |          0 |       0 |    0 |     0 |      1 |      0 |          0 |
|           GEN_BIAS_LANE[3].u_bias                                                                     |                      xpm_memory_sdpram__parameterized0__20 |          0 |          0 |       0 |    0 |     0 |      1 |      0 |          0 |
|             xpm_memory_base_inst                                                                      |                        xpm_memory_base__parameterized7__20 |          0 |          0 |       0 |    0 |     0 |      1 |      0 |          0 |
|           GEN_BIAS_LANE[4].u_bias                                                                     |                      xpm_memory_sdpram__parameterized0__21 |          0 |          0 |       0 |    0 |     0 |      1 |      0 |          0 |
|             xpm_memory_base_inst                                                                      |                        xpm_memory_base__parameterized7__21 |          0 |          0 |       0 |    0 |     0 |      1 |      0 |          0 |
|           GEN_BIAS_LANE[5].u_bias                                                                     |                      xpm_memory_sdpram__parameterized0__22 |          0 |          0 |       0 |    0 |     0 |      1 |      0 |          0 |
|             xpm_memory_base_inst                                                                      |                        xpm_memory_base__parameterized7__22 |          0 |          0 |       0 |    0 |     0 |      1 |      0 |          0 |
|           GEN_BIAS_LANE[6].u_bias                                                                     |                      xpm_memory_sdpram__parameterized0__23 |          0 |          0 |       0 |    0 |     0 |      1 |      0 |          0 |
|             xpm_memory_base_inst                                                                      |                        xpm_memory_base__parameterized7__23 |          0 |          0 |       0 |    0 |     0 |      1 |      0 |          0 |
|           GEN_BIAS_LANE[7].u_bias                                                                     |                      xpm_memory_sdpram__parameterized0__24 |          0 |          0 |       0 |    0 |     0 |      1 |      0 |          0 |
|             xpm_memory_base_inst                                                                      |                        xpm_memory_base__parameterized7__24 |          0 |          0 |       0 |    0 |     0 |      1 |      0 |          0 |
|           GEN_BIAS_LANE[8].u_bias                                                                     |                      xpm_memory_sdpram__parameterized0__25 |          0 |          0 |       0 |    0 |     0 |      1 |      0 |          0 |
|             xpm_memory_base_inst                                                                      |                        xpm_memory_base__parameterized7__25 |          0 |          0 |       0 |    0 |     0 |      1 |      0 |          0 |
|           GEN_BIAS_LANE[9].u_bias                                                                     |                      xpm_memory_sdpram__parameterized0__26 |          0 |          0 |       0 |    0 |     0 |      1 |      0 |          0 |
|             xpm_memory_base_inst                                                                      |                        xpm_memory_base__parameterized7__26 |          0 |          0 |       0 |    0 |     0 |      1 |      0 |          0 |
|           GEN_RSHIFT_WORD[0].u_rshift                                                                 |                       xpm_memory_sdpram__parameterized1__5 |          0 |          0 |       0 |    0 |     0 |      0 |      1 |          0 |
|             xpm_memory_base_inst                                                                      |                         xpm_memory_base__parameterized8__5 |          0 |          0 |       0 |    0 |     0 |      0 |      1 |          0 |
|           GEN_RSHIFT_WORD[1].u_rshift                                                                 |                       xpm_memory_sdpram__parameterized1__6 |          0 |          0 |       0 |    0 |     0 |      0 |      1 |          0 |
|             xpm_memory_base_inst                                                                      |                         xpm_memory_base__parameterized8__6 |          0 |          0 |       0 |    0 |     0 |      0 |      1 |          0 |
|           GEN_RSHIFT_WORD[2].u_rshift                                                                 |                       xpm_memory_sdpram__parameterized1__7 |          0 |          0 |       0 |    0 |     0 |      0 |      1 |          0 |
|             xpm_memory_base_inst                                                                      |                         xpm_memory_base__parameterized8__7 |          0 |          0 |       0 |    0 |     0 |      0 |      1 |          0 |
|           GEN_RSHIFT_WORD[3].u_rshift                                                                 |                          xpm_memory_sdpram__parameterized1 |          0 |          0 |       0 |    0 |     0 |      0 |      1 |          0 |
|             xpm_memory_base_inst                                                                      |                            xpm_memory_base__parameterized8 |          0 |          0 |       0 |    0 |     0 |      0 |      1 |          0 |
|           GEN_WBANK_LANE[0].GEN_WBANK_TAP[0].u_wbank                                                  |                                       xpm_memory_sdpram__1 |          0 |          0 |       0 |    0 |     0 |      1 |      0 |          0 |
|             xpm_memory_base_inst                                                                      |                         xpm_memory_base__parameterized6__1 |          0 |          0 |       0 |    0 |     0 |      1 |      0 |          0 |
|           GEN_WBANK_LANE[0].GEN_WBANK_TAP[1].u_wbank                                                  |                                       xpm_memory_sdpram__2 |          0 |          0 |       0 |    0 |     0 |      1 |      0 |          0 |
|             xpm_memory_base_inst                                                                      |                         xpm_memory_base__parameterized6__2 |          0 |          0 |       0 |    0 |     0 |      1 |      0 |          0 |
|           GEN_WBANK_LANE[0].GEN_WBANK_TAP[2].u_wbank                                                  |                                       xpm_memory_sdpram__3 |          0 |          0 |       0 |    0 |     0 |      1 |      0 |          0 |
|             xpm_memory_base_inst                                                                      |                         xpm_memory_base__parameterized6__3 |          0 |          0 |       0 |    0 |     0 |      1 |      0 |          0 |
|           GEN_WBANK_LANE[10].GEN_WBANK_TAP[0].u_wbank                                                 |                                      xpm_memory_sdpram__31 |          0 |          0 |       0 |    0 |     0 |      1 |      0 |          0 |
|             xpm_memory_base_inst                                                                      |                        xpm_memory_base__parameterized6__31 |          0 |          0 |       0 |    0 |     0 |      1 |      0 |          0 |
|           GEN_WBANK_LANE[10].GEN_WBANK_TAP[1].u_wbank                                                 |                                      xpm_memory_sdpram__32 |          0 |          0 |       0 |    0 |     0 |      1 |      0 |          0 |
|             xpm_memory_base_inst                                                                      |                        xpm_memory_base__parameterized6__32 |          0 |          0 |       0 |    0 |     0 |      1 |      0 |          0 |
|           GEN_WBANK_LANE[10].GEN_WBANK_TAP[2].u_wbank                                                 |                                      xpm_memory_sdpram__33 |          0 |          0 |       0 |    0 |     0 |      1 |      0 |          0 |
|             xpm_memory_base_inst                                                                      |                        xpm_memory_base__parameterized6__33 |          0 |          0 |       0 |    0 |     0 |      1 |      0 |          0 |
|           GEN_WBANK_LANE[11].GEN_WBANK_TAP[0].u_wbank                                                 |                                      xpm_memory_sdpram__34 |          0 |          0 |       0 |    0 |     0 |      1 |      0 |          0 |
|             xpm_memory_base_inst                                                                      |                        xpm_memory_base__parameterized6__34 |          0 |          0 |       0 |    0 |     0 |      1 |      0 |          0 |
|           GEN_WBANK_LANE[11].GEN_WBANK_TAP[1].u_wbank                                                 |                                      xpm_memory_sdpram__35 |          0 |          0 |       0 |    0 |     0 |      1 |      0 |          0 |
|             xpm_memory_base_inst                                                                      |                        xpm_memory_base__parameterized6__35 |          0 |          0 |       0 |    0 |     0 |      1 |      0 |          0 |
|           GEN_WBANK_LANE[11].GEN_WBANK_TAP[2].u_wbank                                                 |                                      xpm_memory_sdpram__36 |          0 |          0 |       0 |    0 |     0 |      1 |      0 |          0 |
|             xpm_memory_base_inst                                                                      |                        xpm_memory_base__parameterized6__36 |          0 |          0 |       0 |    0 |     0 |      1 |      0 |          0 |
|           GEN_WBANK_LANE[12].GEN_WBANK_TAP[0].u_wbank                                                 |                                      xpm_memory_sdpram__37 |          0 |          0 |       0 |    0 |     0 |      1 |      0 |          0 |
|             xpm_memory_base_inst                                                                      |                        xpm_memory_base__parameterized6__37 |          0 |          0 |       0 |    0 |     0 |      1 |      0 |          0 |
|           GEN_WBANK_LANE[12].GEN_WBANK_TAP[1].u_wbank                                                 |                                      xpm_memory_sdpram__38 |          0 |          0 |       0 |    0 |     0 |      1 |      0 |          0 |
|             xpm_memory_base_inst                                                                      |                        xpm_memory_base__parameterized6__38 |          0 |          0 |       0 |    0 |     0 |      1 |      0 |          0 |
|           GEN_WBANK_LANE[12].GEN_WBANK_TAP[2].u_wbank                                                 |                                      xpm_memory_sdpram__39 |          0 |          0 |       0 |    0 |     0 |      1 |      0 |          0 |
|             xpm_memory_base_inst                                                                      |                        xpm_memory_base__parameterized6__39 |          0 |          0 |       0 |    0 |     0 |      1 |      0 |          0 |
|           GEN_WBANK_LANE[13].GEN_WBANK_TAP[0].u_wbank                                                 |                                      xpm_memory_sdpram__40 |          0 |          0 |       0 |    0 |     0 |      1 |      0 |          0 |
|             xpm_memory_base_inst                                                                      |                        xpm_memory_base__parameterized6__40 |          0 |          0 |       0 |    0 |     0 |      1 |      0 |          0 |
|           GEN_WBANK_LANE[13].GEN_WBANK_TAP[1].u_wbank                                                 |                                      xpm_memory_sdpram__41 |          0 |          0 |       0 |    0 |     0 |      1 |      0 |          0 |
|             xpm_memory_base_inst                                                                      |                        xpm_memory_base__parameterized6__41 |          0 |          0 |       0 |    0 |     0 |      1 |      0 |          0 |
|           GEN_WBANK_LANE[13].GEN_WBANK_TAP[2].u_wbank                                                 |                                      xpm_memory_sdpram__42 |          0 |          0 |       0 |    0 |     0 |      1 |      0 |          0 |
|             xpm_memory_base_inst                                                                      |                        xpm_memory_base__parameterized6__42 |          0 |          0 |       0 |    0 |     0 |      1 |      0 |          0 |
|           GEN_WBANK_LANE[14].GEN_WBANK_TAP[0].u_wbank                                                 |                                      xpm_memory_sdpram__43 |          0 |          0 |       0 |    0 |     0 |      1 |      0 |          0 |
|             xpm_memory_base_inst                                                                      |                        xpm_memory_base__parameterized6__43 |          0 |          0 |       0 |    0 |     0 |      1 |      0 |          0 |
|           GEN_WBANK_LANE[14].GEN_WBANK_TAP[1].u_wbank                                                 |                                      xpm_memory_sdpram__44 |          0 |          0 |       0 |    0 |     0 |      1 |      0 |          0 |
|             xpm_memory_base_inst                                                                      |                        xpm_memory_base__parameterized6__44 |          0 |          0 |       0 |    0 |     0 |      1 |      0 |          0 |
|           GEN_WBANK_LANE[14].GEN_WBANK_TAP[2].u_wbank                                                 |                                      xpm_memory_sdpram__45 |          0 |          0 |       0 |    0 |     0 |      1 |      0 |          0 |
|             xpm_memory_base_inst                                                                      |                        xpm_memory_base__parameterized6__45 |          0 |          0 |       0 |    0 |     0 |      1 |      0 |          0 |
|           GEN_WBANK_LANE[15].GEN_WBANK_TAP[0].u_wbank                                                 |                                      xpm_memory_sdpram__46 |          0 |          0 |       0 |    0 |     0 |      1 |      0 |          0 |
|             xpm_memory_base_inst                                                                      |                        xpm_memory_base__parameterized6__46 |          0 |          0 |       0 |    0 |     0 |      1 |      0 |          0 |
|           GEN_WBANK_LANE[15].GEN_WBANK_TAP[1].u_wbank                                                 |                                      xpm_memory_sdpram__47 |          0 |          0 |       0 |    0 |     0 |      1 |      0 |          0 |
|             xpm_memory_base_inst                                                                      |                        xpm_memory_base__parameterized6__47 |          0 |          0 |       0 |    0 |     0 |      1 |      0 |          0 |
|           GEN_WBANK_LANE[15].GEN_WBANK_TAP[2].u_wbank                                                 |                                          xpm_memory_sdpram |          0 |          0 |       0 |    0 |     0 |      1 |      0 |          0 |
|             xpm_memory_base_inst                                                                      |                            xpm_memory_base__parameterized6 |          0 |          0 |       0 |    0 |     0 |      1 |      0 |          0 |
|           GEN_WBANK_LANE[1].GEN_WBANK_TAP[0].u_wbank                                                  |                                       xpm_memory_sdpram__4 |          0 |          0 |       0 |    0 |     0 |      1 |      0 |          0 |
|             xpm_memory_base_inst                                                                      |                         xpm_memory_base__parameterized6__4 |          0 |          0 |       0 |    0 |     0 |      1 |      0 |          0 |
|           GEN_WBANK_LANE[1].GEN_WBANK_TAP[1].u_wbank                                                  |                                       xpm_memory_sdpram__5 |          0 |          0 |       0 |    0 |     0 |      1 |      0 |          0 |
|             xpm_memory_base_inst                                                                      |                         xpm_memory_base__parameterized6__5 |          0 |          0 |       0 |    0 |     0 |      1 |      0 |          0 |
|           GEN_WBANK_LANE[1].GEN_WBANK_TAP[2].u_wbank                                                  |                                       xpm_memory_sdpram__6 |          0 |          0 |       0 |    0 |     0 |      1 |      0 |          0 |
|             xpm_memory_base_inst                                                                      |                         xpm_memory_base__parameterized6__6 |          0 |          0 |       0 |    0 |     0 |      1 |      0 |          0 |
|           GEN_WBANK_LANE[2].GEN_WBANK_TAP[0].u_wbank                                                  |                                       xpm_memory_sdpram__7 |          0 |          0 |       0 |    0 |     0 |      1 |      0 |          0 |
|             xpm_memory_base_inst                                                                      |                         xpm_memory_base__parameterized6__7 |          0 |          0 |       0 |    0 |     0 |      1 |      0 |          0 |
|           GEN_WBANK_LANE[2].GEN_WBANK_TAP[1].u_wbank                                                  |                                       xpm_memory_sdpram__8 |          0 |          0 |       0 |    0 |     0 |      1 |      0 |          0 |
|             xpm_memory_base_inst                                                                      |                         xpm_memory_base__parameterized6__8 |          0 |          0 |       0 |    0 |     0 |      1 |      0 |          0 |
|           GEN_WBANK_LANE[2].GEN_WBANK_TAP[2].u_wbank                                                  |                                       xpm_memory_sdpram__9 |          0 |          0 |       0 |    0 |     0 |      1 |      0 |          0 |
|             xpm_memory_base_inst                                                                      |                         xpm_memory_base__parameterized6__9 |          0 |          0 |       0 |    0 |     0 |      1 |      0 |          0 |
|           GEN_WBANK_LANE[3].GEN_WBANK_TAP[0].u_wbank                                                  |                                      xpm_memory_sdpram__10 |          0 |          0 |       0 |    0 |     0 |      1 |      0 |          0 |
|             xpm_memory_base_inst                                                                      |                        xpm_memory_base__parameterized6__10 |          0 |          0 |       0 |    0 |     0 |      1 |      0 |          0 |
|           GEN_WBANK_LANE[3].GEN_WBANK_TAP[1].u_wbank                                                  |                                      xpm_memory_sdpram__11 |          0 |          0 |       0 |    0 |     0 |      1 |      0 |          0 |
|             xpm_memory_base_inst                                                                      |                        xpm_memory_base__parameterized6__11 |          0 |          0 |       0 |    0 |     0 |      1 |      0 |          0 |
|           GEN_WBANK_LANE[3].GEN_WBANK_TAP[2].u_wbank                                                  |                                      xpm_memory_sdpram__12 |          0 |          0 |       0 |    0 |     0 |      1 |      0 |          0 |
|             xpm_memory_base_inst                                                                      |                        xpm_memory_base__parameterized6__12 |          0 |          0 |       0 |    0 |     0 |      1 |      0 |          0 |
|           GEN_WBANK_LANE[4].GEN_WBANK_TAP[0].u_wbank                                                  |                                      xpm_memory_sdpram__13 |          0 |          0 |       0 |    0 |     0 |      1 |      0 |          0 |
|             xpm_memory_base_inst                                                                      |                        xpm_memory_base__parameterized6__13 |          0 |          0 |       0 |    0 |     0 |      1 |      0 |          0 |
|           GEN_WBANK_LANE[4].GEN_WBANK_TAP[1].u_wbank                                                  |                                      xpm_memory_sdpram__14 |          0 |          0 |       0 |    0 |     0 |      1 |      0 |          0 |
|             xpm_memory_base_inst                                                                      |                        xpm_memory_base__parameterized6__14 |          0 |          0 |       0 |    0 |     0 |      1 |      0 |          0 |
|           GEN_WBANK_LANE[4].GEN_WBANK_TAP[2].u_wbank                                                  |                                      xpm_memory_sdpram__15 |          0 |          0 |       0 |    0 |     0 |      1 |      0 |          0 |
|             xpm_memory_base_inst                                                                      |                        xpm_memory_base__parameterized6__15 |          0 |          0 |       0 |    0 |     0 |      1 |      0 |          0 |
|           GEN_WBANK_LANE[5].GEN_WBANK_TAP[0].u_wbank                                                  |                                      xpm_memory_sdpram__16 |          0 |          0 |       0 |    0 |     0 |      1 |      0 |          0 |
|             xpm_memory_base_inst                                                                      |                        xpm_memory_base__parameterized6__16 |          0 |          0 |       0 |    0 |     0 |      1 |      0 |          0 |
|           GEN_WBANK_LANE[5].GEN_WBANK_TAP[1].u_wbank                                                  |                                      xpm_memory_sdpram__17 |          0 |          0 |       0 |    0 |     0 |      1 |      0 |          0 |
|             xpm_memory_base_inst                                                                      |                        xpm_memory_base__parameterized6__17 |          0 |          0 |       0 |    0 |     0 |      1 |      0 |          0 |
|           GEN_WBANK_LANE[5].GEN_WBANK_TAP[2].u_wbank                                                  |                                      xpm_memory_sdpram__18 |          0 |          0 |       0 |    0 |     0 |      1 |      0 |          0 |
|             xpm_memory_base_inst                                                                      |                        xpm_memory_base__parameterized6__18 |          0 |          0 |       0 |    0 |     0 |      1 |      0 |          0 |
|           GEN_WBANK_LANE[6].GEN_WBANK_TAP[0].u_wbank                                                  |                                      xpm_memory_sdpram__19 |          0 |          0 |       0 |    0 |     0 |      1 |      0 |          0 |
|             xpm_memory_base_inst                                                                      |                        xpm_memory_base__parameterized6__19 |          0 |          0 |       0 |    0 |     0 |      1 |      0 |          0 |
|           GEN_WBANK_LANE[6].GEN_WBANK_TAP[1].u_wbank                                                  |                                      xpm_memory_sdpram__20 |          0 |          0 |       0 |    0 |     0 |      1 |      0 |          0 |
|             xpm_memory_base_inst                                                                      |                        xpm_memory_base__parameterized6__20 |          0 |          0 |       0 |    0 |     0 |      1 |      0 |          0 |
|           GEN_WBANK_LANE[6].GEN_WBANK_TAP[2].u_wbank                                                  |                                      xpm_memory_sdpram__21 |          0 |          0 |       0 |    0 |     0 |      1 |      0 |          0 |
|             xpm_memory_base_inst                                                                      |                        xpm_memory_base__parameterized6__21 |          0 |          0 |       0 |    0 |     0 |      1 |      0 |          0 |
|           GEN_WBANK_LANE[7].GEN_WBANK_TAP[0].u_wbank                                                  |                                      xpm_memory_sdpram__22 |          0 |          0 |       0 |    0 |     0 |      1 |      0 |          0 |
|             xpm_memory_base_inst                                                                      |                        xpm_memory_base__parameterized6__22 |          0 |          0 |       0 |    0 |     0 |      1 |      0 |          0 |
|           GEN_WBANK_LANE[7].GEN_WBANK_TAP[1].u_wbank                                                  |                                      xpm_memory_sdpram__23 |          0 |          0 |       0 |    0 |     0 |      1 |      0 |          0 |
|             xpm_memory_base_inst                                                                      |                        xpm_memory_base__parameterized6__23 |          0 |          0 |       0 |    0 |     0 |      1 |      0 |          0 |
|           GEN_WBANK_LANE[7].GEN_WBANK_TAP[2].u_wbank                                                  |                                      xpm_memory_sdpram__24 |          0 |          0 |       0 |    0 |     0 |      1 |      0 |          0 |
|             xpm_memory_base_inst                                                                      |                        xpm_memory_base__parameterized6__24 |          0 |          0 |       0 |    0 |     0 |      1 |      0 |          0 |
|           GEN_WBANK_LANE[8].GEN_WBANK_TAP[0].u_wbank                                                  |                                      xpm_memory_sdpram__25 |          0 |          0 |       0 |    0 |     0 |      1 |      0 |          0 |
|             xpm_memory_base_inst                                                                      |                        xpm_memory_base__parameterized6__25 |          0 |          0 |       0 |    0 |     0 |      1 |      0 |          0 |
|           GEN_WBANK_LANE[8].GEN_WBANK_TAP[1].u_wbank                                                  |                                      xpm_memory_sdpram__26 |          0 |          0 |       0 |    0 |     0 |      1 |      0 |          0 |
|             xpm_memory_base_inst                                                                      |                        xpm_memory_base__parameterized6__26 |          0 |          0 |       0 |    0 |     0 |      1 |      0 |          0 |
|           GEN_WBANK_LANE[8].GEN_WBANK_TAP[2].u_wbank                                                  |                                      xpm_memory_sdpram__27 |          0 |          0 |       0 |    0 |     0 |      1 |      0 |          0 |
|             xpm_memory_base_inst                                                                      |                        xpm_memory_base__parameterized6__27 |          0 |          0 |       0 |    0 |     0 |      1 |      0 |          0 |
|           GEN_WBANK_LANE[9].GEN_WBANK_TAP[0].u_wbank                                                  |                                      xpm_memory_sdpram__28 |          0 |          0 |       0 |    0 |     0 |      1 |      0 |          0 |
|             xpm_memory_base_inst                                                                      |                        xpm_memory_base__parameterized6__28 |          0 |          0 |       0 |    0 |     0 |      1 |      0 |          0 |
|           GEN_WBANK_LANE[9].GEN_WBANK_TAP[1].u_wbank                                                  |                                      xpm_memory_sdpram__29 |          0 |          0 |       0 |    0 |     0 |      1 |      0 |          0 |
|             xpm_memory_base_inst                                                                      |                        xpm_memory_base__parameterized6__29 |          0 |          0 |       0 |    0 |     0 |      1 |      0 |          0 |
|           GEN_WBANK_LANE[9].GEN_WBANK_TAP[2].u_wbank                                                  |                                      xpm_memory_sdpram__30 |          0 |          0 |       0 |    0 |     0 |      1 |      0 |          0 |
|             xpm_memory_base_inst                                                                      |                        xpm_memory_base__parameterized6__30 |          0 |          0 |       0 |    0 |     0 |      1 |      0 |          0 |
|         u_convn                                                                                       |                                         npu_convn_frontend |       4912 |       4912 |       0 |    0 |  8668 |      4 |      0 |          0 |
|           (u_convn)                                                                                   |                                         npu_convn_frontend |       4908 |       4908 |       0 |    0 |  8663 |      0 |      0 |          0 |
|           GEN_BANKROW[0].u_line_row                                                                   |                       xpm_memory_sdpram__parameterized2__1 |          1 |          1 |       0 |    0 |     2 |      1 |      0 |          0 |
|             xpm_memory_base_inst                                                                      |                         xpm_memory_base__parameterized9__1 |          1 |          1 |       0 |    0 |     2 |      1 |      0 |          0 |
|           GEN_BANKROW[1].u_line_row                                                                   |                       xpm_memory_sdpram__parameterized2__2 |          1 |          1 |       0 |    0 |     1 |      1 |      0 |          0 |
|             xpm_memory_base_inst                                                                      |                         xpm_memory_base__parameterized9__2 |          1 |          1 |       0 |    0 |     1 |      1 |      0 |          0 |
|           GEN_BANKROW[2].u_line_row                                                                   |                       xpm_memory_sdpram__parameterized2__3 |          1 |          1 |       0 |    0 |     1 |      1 |      0 |          0 |
|             xpm_memory_base_inst                                                                      |                         xpm_memory_base__parameterized9__3 |          1 |          1 |       0 |    0 |     1 |      1 |      0 |          0 |
|           GEN_BANKROW[3].u_line_row                                                                   |                          xpm_memory_sdpram__parameterized2 |          1 |          1 |       0 |    0 |     1 |      1 |      0 |          0 |
|             xpm_memory_base_inst                                                                      |                            xpm_memory_base__parameterized9 |          1 |          1 |       0 |    0 |     1 |      1 |      0 |          0 |
|         u_csr                                                                                         |                                   npu_unified_csr_axi_lite |        237 |        237 |       0 |    0 |   127 |      0 |      0 |          0 |
|         u_error_reporter                                                                              |                                 npu_unified_error_reporter |          2 |          2 |       0 |    0 |     6 |      0 |      0 |          0 |
|         u_fc1                                                                                         |                                            npu_fc_frontend |       2976 |       2976 |       0 |    0 |  6226 |     16 |     51 |          0 |
|           (u_fc1)                                                                                     |                                            npu_fc_frontend |       1914 |       1914 |       0 |    0 |  6225 |      0 |      0 |          0 |
|           GEN_FC_BIAS_LANE[0].u_bias_bank                                                             |                       xpm_memory_sdpram__parameterized4__1 |          0 |          0 |       0 |    0 |     0 |      1 |      0 |          0 |
|             xpm_memory_base_inst                                                                      |                        xpm_memory_base__parameterized11__1 |          0 |          0 |       0 |    0 |     0 |      1 |      0 |          0 |
|           GEN_FC_BIAS_LANE[10].u_bias_bank                                                            |                      xpm_memory_sdpram__parameterized4__11 |          0 |          0 |       0 |    0 |     0 |      1 |      0 |          0 |
|             xpm_memory_base_inst                                                                      |                       xpm_memory_base__parameterized11__11 |          0 |          0 |       0 |    0 |     0 |      1 |      0 |          0 |
|           GEN_FC_BIAS_LANE[11].u_bias_bank                                                            |                      xpm_memory_sdpram__parameterized4__12 |          0 |          0 |       0 |    0 |     0 |      1 |      0 |          0 |
|             xpm_memory_base_inst                                                                      |                       xpm_memory_base__parameterized11__12 |          0 |          0 |       0 |    0 |     0 |      1 |      0 |          0 |
|           GEN_FC_BIAS_LANE[12].u_bias_bank                                                            |                      xpm_memory_sdpram__parameterized4__13 |          0 |          0 |       0 |    0 |     0 |      1 |      0 |          0 |
|             xpm_memory_base_inst                                                                      |                       xpm_memory_base__parameterized11__13 |          0 |          0 |       0 |    0 |     0 |      1 |      0 |          0 |
|           GEN_FC_BIAS_LANE[13].u_bias_bank                                                            |                      xpm_memory_sdpram__parameterized4__14 |          0 |          0 |       0 |    0 |     0 |      1 |      0 |          0 |
|             xpm_memory_base_inst                                                                      |                       xpm_memory_base__parameterized11__14 |          0 |          0 |       0 |    0 |     0 |      1 |      0 |          0 |
|           GEN_FC_BIAS_LANE[14].u_bias_bank                                                            |                      xpm_memory_sdpram__parameterized4__15 |          0 |          0 |       0 |    0 |     0 |      1 |      0 |          0 |
|             xpm_memory_base_inst                                                                      |                       xpm_memory_base__parameterized11__15 |          0 |          0 |       0 |    0 |     0 |      1 |      0 |          0 |
|           GEN_FC_BIAS_LANE[15].u_bias_bank                                                            |                          xpm_memory_sdpram__parameterized4 |          0 |          0 |       0 |    0 |     0 |      1 |      0 |          0 |
|             xpm_memory_base_inst                                                                      |                           xpm_memory_base__parameterized11 |          0 |          0 |       0 |    0 |     0 |      1 |      0 |          0 |
|           GEN_FC_BIAS_LANE[1].u_bias_bank                                                             |                       xpm_memory_sdpram__parameterized4__2 |          0 |          0 |       0 |    0 |     0 |      1 |      0 |          0 |
|             xpm_memory_base_inst                                                                      |                        xpm_memory_base__parameterized11__2 |          0 |          0 |       0 |    0 |     0 |      1 |      0 |          0 |
|           GEN_FC_BIAS_LANE[2].u_bias_bank                                                             |                       xpm_memory_sdpram__parameterized4__3 |          0 |          0 |       0 |    0 |     0 |      1 |      0 |          0 |
|             xpm_memory_base_inst                                                                      |                        xpm_memory_base__parameterized11__3 |          0 |          0 |       0 |    0 |     0 |      1 |      0 |          0 |
|           GEN_FC_BIAS_LANE[3].u_bias_bank                                                             |                       xpm_memory_sdpram__parameterized4__4 |          0 |          0 |       0 |    0 |     0 |      1 |      0 |          0 |
|             xpm_memory_base_inst                                                                      |                        xpm_memory_base__parameterized11__4 |          0 |          0 |       0 |    0 |     0 |      1 |      0 |          0 |
|           GEN_FC_BIAS_LANE[4].u_bias_bank                                                             |                       xpm_memory_sdpram__parameterized4__5 |          0 |          0 |       0 |    0 |     0 |      1 |      0 |          0 |
|             xpm_memory_base_inst                                                                      |                        xpm_memory_base__parameterized11__5 |          0 |          0 |       0 |    0 |     0 |      1 |      0 |          0 |
|           GEN_FC_BIAS_LANE[5].u_bias_bank                                                             |                       xpm_memory_sdpram__parameterized4__6 |          0 |          0 |       0 |    0 |     0 |      1 |      0 |          0 |
|             xpm_memory_base_inst                                                                      |                        xpm_memory_base__parameterized11__6 |          0 |          0 |       0 |    0 |     0 |      1 |      0 |          0 |
|           GEN_FC_BIAS_LANE[6].u_bias_bank                                                             |                       xpm_memory_sdpram__parameterized4__7 |          0 |          0 |       0 |    0 |     0 |      1 |      0 |          0 |
|             xpm_memory_base_inst                                                                      |                        xpm_memory_base__parameterized11__7 |          0 |          0 |       0 |    0 |     0 |      1 |      0 |          0 |
|           GEN_FC_BIAS_LANE[7].u_bias_bank                                                             |                       xpm_memory_sdpram__parameterized4__8 |          0 |          0 |       0 |    0 |     0 |      1 |      0 |          0 |
|             xpm_memory_base_inst                                                                      |                        xpm_memory_base__parameterized11__8 |          0 |          0 |       0 |    0 |     0 |      1 |      0 |          0 |
|           GEN_FC_BIAS_LANE[8].u_bias_bank                                                             |                       xpm_memory_sdpram__parameterized4__9 |          0 |          0 |       0 |    0 |     0 |      1 |      0 |          0 |
|             xpm_memory_base_inst                                                                      |                        xpm_memory_base__parameterized11__9 |          0 |          0 |       0 |    0 |     0 |      1 |      0 |          0 |
|           GEN_FC_BIAS_LANE[9].u_bias_bank                                                             |                      xpm_memory_sdpram__parameterized4__10 |          0 |          0 |       0 |    0 |     0 |      1 |      0 |          0 |
|             xpm_memory_base_inst                                                                      |                       xpm_memory_base__parameterized11__10 |          0 |          0 |       0 |    0 |     0 |      1 |      0 |          0 |
|           u_tile_store                                                                                |                                          npu_fc_tile_store |       1062 |       1062 |       0 |    0 |     1 |      0 |     51 |          0 |
|             (u_tile_store)                                                                            |                                          npu_fc_tile_store |       1062 |       1062 |       0 |    0 |     1 |      0 |      0 |          0 |
|             GEN_ACT_BANK[0].u_act_bank                                                                |                       xpm_memory_sdpram__parameterized5__1 |          0 |          0 |       0 |    0 |     0 |      0 |      1 |          0 |
|               xpm_memory_base_inst                                                                    |                        xpm_memory_base__parameterized12__1 |          0 |          0 |       0 |    0 |     0 |      0 |      1 |          0 |
|             GEN_ACT_BANK[1].u_act_bank                                                                |                       xpm_memory_sdpram__parameterized5__2 |          0 |          0 |       0 |    0 |     0 |      0 |      1 |          0 |
|               xpm_memory_base_inst                                                                    |                        xpm_memory_base__parameterized12__2 |          0 |          0 |       0 |    0 |     0 |      0 |      1 |          0 |
|             GEN_ACT_BANK[2].u_act_bank                                                                |                       xpm_memory_sdpram__parameterized5__3 |          0 |          0 |       0 |    0 |     0 |      0 |      1 |          0 |
|               xpm_memory_base_inst                                                                    |                        xpm_memory_base__parameterized12__3 |          0 |          0 |       0 |    0 |     0 |      0 |      1 |          0 |
|             GEN_WEIGHT_LANE[0].GEN_WEIGHT_TAP[0].u_weight_bank                                        |                       xpm_memory_sdpram__parameterized5__4 |          0 |          0 |       0 |    0 |     0 |      0 |      1 |          0 |
|               xpm_memory_base_inst                                                                    |                        xpm_memory_base__parameterized12__4 |          0 |          0 |       0 |    0 |     0 |      0 |      1 |          0 |
|             GEN_WEIGHT_LANE[0].GEN_WEIGHT_TAP[1].u_weight_bank                                        |                       xpm_memory_sdpram__parameterized5__5 |          0 |          0 |       0 |    0 |     0 |      0 |      1 |          0 |
|               xpm_memory_base_inst                                                                    |                        xpm_memory_base__parameterized12__5 |          0 |          0 |       0 |    0 |     0 |      0 |      1 |          0 |
|             GEN_WEIGHT_LANE[0].GEN_WEIGHT_TAP[2].u_weight_bank                                        |                       xpm_memory_sdpram__parameterized5__6 |          0 |          0 |       0 |    0 |     0 |      0 |      1 |          0 |
|               xpm_memory_base_inst                                                                    |                        xpm_memory_base__parameterized12__6 |          0 |          0 |       0 |    0 |     0 |      0 |      1 |          0 |
|             GEN_WEIGHT_LANE[10].GEN_WEIGHT_TAP[0].u_weight_bank                                       |                      xpm_memory_sdpram__parameterized5__34 |          0 |          0 |       0 |    0 |     0 |      0 |      1 |          0 |
|               xpm_memory_base_inst                                                                    |                       xpm_memory_base__parameterized12__34 |          0 |          0 |       0 |    0 |     0 |      0 |      1 |          0 |
|             GEN_WEIGHT_LANE[10].GEN_WEIGHT_TAP[1].u_weight_bank                                       |                      xpm_memory_sdpram__parameterized5__35 |          0 |          0 |       0 |    0 |     0 |      0 |      1 |          0 |
|               xpm_memory_base_inst                                                                    |                       xpm_memory_base__parameterized12__35 |          0 |          0 |       0 |    0 |     0 |      0 |      1 |          0 |
|             GEN_WEIGHT_LANE[10].GEN_WEIGHT_TAP[2].u_weight_bank                                       |                      xpm_memory_sdpram__parameterized5__36 |          0 |          0 |       0 |    0 |     0 |      0 |      1 |          0 |
|               xpm_memory_base_inst                                                                    |                       xpm_memory_base__parameterized12__36 |          0 |          0 |       0 |    0 |     0 |      0 |      1 |          0 |
|             GEN_WEIGHT_LANE[11].GEN_WEIGHT_TAP[0].u_weight_bank                                       |                      xpm_memory_sdpram__parameterized5__37 |          0 |          0 |       0 |    0 |     0 |      0 |      1 |          0 |
|               xpm_memory_base_inst                                                                    |                       xpm_memory_base__parameterized12__37 |          0 |          0 |       0 |    0 |     0 |      0 |      1 |          0 |
|             GEN_WEIGHT_LANE[11].GEN_WEIGHT_TAP[1].u_weight_bank                                       |                      xpm_memory_sdpram__parameterized5__38 |          0 |          0 |       0 |    0 |     0 |      0 |      1 |          0 |
|               xpm_memory_base_inst                                                                    |                       xpm_memory_base__parameterized12__38 |          0 |          0 |       0 |    0 |     0 |      0 |      1 |          0 |
|             GEN_WEIGHT_LANE[11].GEN_WEIGHT_TAP[2].u_weight_bank                                       |                      xpm_memory_sdpram__parameterized5__39 |          0 |          0 |       0 |    0 |     0 |      0 |      1 |          0 |
|               xpm_memory_base_inst                                                                    |                       xpm_memory_base__parameterized12__39 |          0 |          0 |       0 |    0 |     0 |      0 |      1 |          0 |
|             GEN_WEIGHT_LANE[12].GEN_WEIGHT_TAP[0].u_weight_bank                                       |                      xpm_memory_sdpram__parameterized5__40 |          0 |          0 |       0 |    0 |     0 |      0 |      1 |          0 |
|               xpm_memory_base_inst                                                                    |                       xpm_memory_base__parameterized12__40 |          0 |          0 |       0 |    0 |     0 |      0 |      1 |          0 |
|             GEN_WEIGHT_LANE[12].GEN_WEIGHT_TAP[1].u_weight_bank                                       |                      xpm_memory_sdpram__parameterized5__41 |          0 |          0 |       0 |    0 |     0 |      0 |      1 |          0 |
|               xpm_memory_base_inst                                                                    |                       xpm_memory_base__parameterized12__41 |          0 |          0 |       0 |    0 |     0 |      0 |      1 |          0 |
|             GEN_WEIGHT_LANE[12].GEN_WEIGHT_TAP[2].u_weight_bank                                       |                      xpm_memory_sdpram__parameterized5__42 |          0 |          0 |       0 |    0 |     0 |      0 |      1 |          0 |
|               xpm_memory_base_inst                                                                    |                       xpm_memory_base__parameterized12__42 |          0 |          0 |       0 |    0 |     0 |      0 |      1 |          0 |
|             GEN_WEIGHT_LANE[13].GEN_WEIGHT_TAP[0].u_weight_bank                                       |                      xpm_memory_sdpram__parameterized5__43 |          0 |          0 |       0 |    0 |     0 |      0 |      1 |          0 |
|               xpm_memory_base_inst                                                                    |                       xpm_memory_base__parameterized12__43 |          0 |          0 |       0 |    0 |     0 |      0 |      1 |          0 |
|             GEN_WEIGHT_LANE[13].GEN_WEIGHT_TAP[1].u_weight_bank                                       |                      xpm_memory_sdpram__parameterized5__44 |          0 |          0 |       0 |    0 |     0 |      0 |      1 |          0 |
|               xpm_memory_base_inst                                                                    |                       xpm_memory_base__parameterized12__44 |          0 |          0 |       0 |    0 |     0 |      0 |      1 |          0 |
|             GEN_WEIGHT_LANE[13].GEN_WEIGHT_TAP[2].u_weight_bank                                       |                      xpm_memory_sdpram__parameterized5__45 |          0 |          0 |       0 |    0 |     0 |      0 |      1 |          0 |
|               xpm_memory_base_inst                                                                    |                       xpm_memory_base__parameterized12__45 |          0 |          0 |       0 |    0 |     0 |      0 |      1 |          0 |
|             GEN_WEIGHT_LANE[14].GEN_WEIGHT_TAP[0].u_weight_bank                                       |                      xpm_memory_sdpram__parameterized5__46 |          0 |          0 |       0 |    0 |     0 |      0 |      1 |          0 |
|               xpm_memory_base_inst                                                                    |                       xpm_memory_base__parameterized12__46 |          0 |          0 |       0 |    0 |     0 |      0 |      1 |          0 |
|             GEN_WEIGHT_LANE[14].GEN_WEIGHT_TAP[1].u_weight_bank                                       |                      xpm_memory_sdpram__parameterized5__47 |          0 |          0 |       0 |    0 |     0 |      0 |      1 |          0 |
|               xpm_memory_base_inst                                                                    |                       xpm_memory_base__parameterized12__47 |          0 |          0 |       0 |    0 |     0 |      0 |      1 |          0 |
|             GEN_WEIGHT_LANE[14].GEN_WEIGHT_TAP[2].u_weight_bank                                       |                      xpm_memory_sdpram__parameterized5__48 |          0 |          0 |       0 |    0 |     0 |      0 |      1 |          0 |
|               xpm_memory_base_inst                                                                    |                       xpm_memory_base__parameterized12__48 |          0 |          0 |       0 |    0 |     0 |      0 |      1 |          0 |
|             GEN_WEIGHT_LANE[15].GEN_WEIGHT_TAP[0].u_weight_bank                                       |                      xpm_memory_sdpram__parameterized5__49 |          0 |          0 |       0 |    0 |     0 |      0 |      1 |          0 |
|               xpm_memory_base_inst                                                                    |                       xpm_memory_base__parameterized12__49 |          0 |          0 |       0 |    0 |     0 |      0 |      1 |          0 |
|             GEN_WEIGHT_LANE[15].GEN_WEIGHT_TAP[1].u_weight_bank                                       |                      xpm_memory_sdpram__parameterized5__50 |          0 |          0 |       0 |    0 |     0 |      0 |      1 |          0 |
|               xpm_memory_base_inst                                                                    |                       xpm_memory_base__parameterized12__50 |          0 |          0 |       0 |    0 |     0 |      0 |      1 |          0 |
|             GEN_WEIGHT_LANE[15].GEN_WEIGHT_TAP[2].u_weight_bank                                       |                          xpm_memory_sdpram__parameterized5 |          0 |          0 |       0 |    0 |     0 |      0 |      1 |          0 |
|               xpm_memory_base_inst                                                                    |                           xpm_memory_base__parameterized12 |          0 |          0 |       0 |    0 |     0 |      0 |      1 |          0 |
|             GEN_WEIGHT_LANE[1].GEN_WEIGHT_TAP[0].u_weight_bank                                        |                       xpm_memory_sdpram__parameterized5__7 |          0 |          0 |       0 |    0 |     0 |      0 |      1 |          0 |
|               xpm_memory_base_inst                                                                    |                        xpm_memory_base__parameterized12__7 |          0 |          0 |       0 |    0 |     0 |      0 |      1 |          0 |
|             GEN_WEIGHT_LANE[1].GEN_WEIGHT_TAP[1].u_weight_bank                                        |                       xpm_memory_sdpram__parameterized5__8 |          0 |          0 |       0 |    0 |     0 |      0 |      1 |          0 |
|               xpm_memory_base_inst                                                                    |                        xpm_memory_base__parameterized12__8 |          0 |          0 |       0 |    0 |     0 |      0 |      1 |          0 |
|             GEN_WEIGHT_LANE[1].GEN_WEIGHT_TAP[2].u_weight_bank                                        |                       xpm_memory_sdpram__parameterized5__9 |          0 |          0 |       0 |    0 |     0 |      0 |      1 |          0 |
|               xpm_memory_base_inst                                                                    |                        xpm_memory_base__parameterized12__9 |          0 |          0 |       0 |    0 |     0 |      0 |      1 |          0 |
|             GEN_WEIGHT_LANE[2].GEN_WEIGHT_TAP[0].u_weight_bank                                        |                      xpm_memory_sdpram__parameterized5__10 |          0 |          0 |       0 |    0 |     0 |      0 |      1 |          0 |
|               xpm_memory_base_inst                                                                    |                       xpm_memory_base__parameterized12__10 |          0 |          0 |       0 |    0 |     0 |      0 |      1 |          0 |
|             GEN_WEIGHT_LANE[2].GEN_WEIGHT_TAP[1].u_weight_bank                                        |                      xpm_memory_sdpram__parameterized5__11 |          0 |          0 |       0 |    0 |     0 |      0 |      1 |          0 |
|               xpm_memory_base_inst                                                                    |                       xpm_memory_base__parameterized12__11 |          0 |          0 |       0 |    0 |     0 |      0 |      1 |          0 |
|             GEN_WEIGHT_LANE[2].GEN_WEIGHT_TAP[2].u_weight_bank                                        |                      xpm_memory_sdpram__parameterized5__12 |          0 |          0 |       0 |    0 |     0 |      0 |      1 |          0 |
|               xpm_memory_base_inst                                                                    |                       xpm_memory_base__parameterized12__12 |          0 |          0 |       0 |    0 |     0 |      0 |      1 |          0 |
|             GEN_WEIGHT_LANE[3].GEN_WEIGHT_TAP[0].u_weight_bank                                        |                      xpm_memory_sdpram__parameterized5__13 |          0 |          0 |       0 |    0 |     0 |      0 |      1 |          0 |
|               xpm_memory_base_inst                                                                    |                       xpm_memory_base__parameterized12__13 |          0 |          0 |       0 |    0 |     0 |      0 |      1 |          0 |
|             GEN_WEIGHT_LANE[3].GEN_WEIGHT_TAP[1].u_weight_bank                                        |                      xpm_memory_sdpram__parameterized5__14 |          0 |          0 |       0 |    0 |     0 |      0 |      1 |          0 |
|               xpm_memory_base_inst                                                                    |                       xpm_memory_base__parameterized12__14 |          0 |          0 |       0 |    0 |     0 |      0 |      1 |          0 |
|             GEN_WEIGHT_LANE[3].GEN_WEIGHT_TAP[2].u_weight_bank                                        |                      xpm_memory_sdpram__parameterized5__15 |          0 |          0 |       0 |    0 |     0 |      0 |      1 |          0 |
|               xpm_memory_base_inst                                                                    |                       xpm_memory_base__parameterized12__15 |          0 |          0 |       0 |    0 |     0 |      0 |      1 |          0 |
|             GEN_WEIGHT_LANE[4].GEN_WEIGHT_TAP[0].u_weight_bank                                        |                      xpm_memory_sdpram__parameterized5__16 |          0 |          0 |       0 |    0 |     0 |      0 |      1 |          0 |
|               xpm_memory_base_inst                                                                    |                       xpm_memory_base__parameterized12__16 |          0 |          0 |       0 |    0 |     0 |      0 |      1 |          0 |
|             GEN_WEIGHT_LANE[4].GEN_WEIGHT_TAP[1].u_weight_bank                                        |                      xpm_memory_sdpram__parameterized5__17 |          0 |          0 |       0 |    0 |     0 |      0 |      1 |          0 |
|               xpm_memory_base_inst                                                                    |                       xpm_memory_base__parameterized12__17 |          0 |          0 |       0 |    0 |     0 |      0 |      1 |          0 |
|             GEN_WEIGHT_LANE[4].GEN_WEIGHT_TAP[2].u_weight_bank                                        |                      xpm_memory_sdpram__parameterized5__18 |          0 |          0 |       0 |    0 |     0 |      0 |      1 |          0 |
|               xpm_memory_base_inst                                                                    |                       xpm_memory_base__parameterized12__18 |          0 |          0 |       0 |    0 |     0 |      0 |      1 |          0 |
|             GEN_WEIGHT_LANE[5].GEN_WEIGHT_TAP[0].u_weight_bank                                        |                      xpm_memory_sdpram__parameterized5__19 |          0 |          0 |       0 |    0 |     0 |      0 |      1 |          0 |
|               xpm_memory_base_inst                                                                    |                       xpm_memory_base__parameterized12__19 |          0 |          0 |       0 |    0 |     0 |      0 |      1 |          0 |
|             GEN_WEIGHT_LANE[5].GEN_WEIGHT_TAP[1].u_weight_bank                                        |                      xpm_memory_sdpram__parameterized5__20 |          0 |          0 |       0 |    0 |     0 |      0 |      1 |          0 |
|               xpm_memory_base_inst                                                                    |                       xpm_memory_base__parameterized12__20 |          0 |          0 |       0 |    0 |     0 |      0 |      1 |          0 |
|             GEN_WEIGHT_LANE[5].GEN_WEIGHT_TAP[2].u_weight_bank                                        |                      xpm_memory_sdpram__parameterized5__21 |          0 |          0 |       0 |    0 |     0 |      0 |      1 |          0 |
|               xpm_memory_base_inst                                                                    |                       xpm_memory_base__parameterized12__21 |          0 |          0 |       0 |    0 |     0 |      0 |      1 |          0 |
|             GEN_WEIGHT_LANE[6].GEN_WEIGHT_TAP[0].u_weight_bank                                        |                      xpm_memory_sdpram__parameterized5__22 |          0 |          0 |       0 |    0 |     0 |      0 |      1 |          0 |
|               xpm_memory_base_inst                                                                    |                       xpm_memory_base__parameterized12__22 |          0 |          0 |       0 |    0 |     0 |      0 |      1 |          0 |
|             GEN_WEIGHT_LANE[6].GEN_WEIGHT_TAP[1].u_weight_bank                                        |                      xpm_memory_sdpram__parameterized5__23 |          0 |          0 |       0 |    0 |     0 |      0 |      1 |          0 |
|               xpm_memory_base_inst                                                                    |                       xpm_memory_base__parameterized12__23 |          0 |          0 |       0 |    0 |     0 |      0 |      1 |          0 |
|             GEN_WEIGHT_LANE[6].GEN_WEIGHT_TAP[2].u_weight_bank                                        |                      xpm_memory_sdpram__parameterized5__24 |          0 |          0 |       0 |    0 |     0 |      0 |      1 |          0 |
|               xpm_memory_base_inst                                                                    |                       xpm_memory_base__parameterized12__24 |          0 |          0 |       0 |    0 |     0 |      0 |      1 |          0 |
|             GEN_WEIGHT_LANE[7].GEN_WEIGHT_TAP[0].u_weight_bank                                        |                      xpm_memory_sdpram__parameterized5__25 |          0 |          0 |       0 |    0 |     0 |      0 |      1 |          0 |
|               xpm_memory_base_inst                                                                    |                       xpm_memory_base__parameterized12__25 |          0 |          0 |       0 |    0 |     0 |      0 |      1 |          0 |
|             GEN_WEIGHT_LANE[7].GEN_WEIGHT_TAP[1].u_weight_bank                                        |                      xpm_memory_sdpram__parameterized5__26 |          0 |          0 |       0 |    0 |     0 |      0 |      1 |          0 |
|               xpm_memory_base_inst                                                                    |                       xpm_memory_base__parameterized12__26 |          0 |          0 |       0 |    0 |     0 |      0 |      1 |          0 |
|             GEN_WEIGHT_LANE[7].GEN_WEIGHT_TAP[2].u_weight_bank                                        |                      xpm_memory_sdpram__parameterized5__27 |          0 |          0 |       0 |    0 |     0 |      0 |      1 |          0 |
|               xpm_memory_base_inst                                                                    |                       xpm_memory_base__parameterized12__27 |          0 |          0 |       0 |    0 |     0 |      0 |      1 |          0 |
|             GEN_WEIGHT_LANE[8].GEN_WEIGHT_TAP[0].u_weight_bank                                        |                      xpm_memory_sdpram__parameterized5__28 |          0 |          0 |       0 |    0 |     0 |      0 |      1 |          0 |
|               xpm_memory_base_inst                                                                    |                       xpm_memory_base__parameterized12__28 |          0 |          0 |       0 |    0 |     0 |      0 |      1 |          0 |
|             GEN_WEIGHT_LANE[8].GEN_WEIGHT_TAP[1].u_weight_bank                                        |                      xpm_memory_sdpram__parameterized5__29 |          0 |          0 |       0 |    0 |     0 |      0 |      1 |          0 |
|               xpm_memory_base_inst                                                                    |                       xpm_memory_base__parameterized12__29 |          0 |          0 |       0 |    0 |     0 |      0 |      1 |          0 |
|             GEN_WEIGHT_LANE[8].GEN_WEIGHT_TAP[2].u_weight_bank                                        |                      xpm_memory_sdpram__parameterized5__30 |          0 |          0 |       0 |    0 |     0 |      0 |      1 |          0 |
|               xpm_memory_base_inst                                                                    |                       xpm_memory_base__parameterized12__30 |          0 |          0 |       0 |    0 |     0 |      0 |      1 |          0 |
|             GEN_WEIGHT_LANE[9].GEN_WEIGHT_TAP[0].u_weight_bank                                        |                      xpm_memory_sdpram__parameterized5__31 |          0 |          0 |       0 |    0 |     0 |      0 |      1 |          0 |
|               xpm_memory_base_inst                                                                    |                       xpm_memory_base__parameterized12__31 |          0 |          0 |       0 |    0 |     0 |      0 |      1 |          0 |
|             GEN_WEIGHT_LANE[9].GEN_WEIGHT_TAP[1].u_weight_bank                                        |                      xpm_memory_sdpram__parameterized5__32 |          0 |          0 |       0 |    0 |     0 |      0 |      1 |          0 |
|               xpm_memory_base_inst                                                                    |                       xpm_memory_base__parameterized12__32 |          0 |          0 |       0 |    0 |     0 |      0 |      1 |          0 |
|             GEN_WEIGHT_LANE[9].GEN_WEIGHT_TAP[2].u_weight_bank                                        |                      xpm_memory_sdpram__parameterized5__33 |          0 |          0 |       0 |    0 |     0 |      0 |      1 |          0 |
|               xpm_memory_base_inst                                                                    |                       xpm_memory_base__parameterized12__33 |          0 |          0 |       0 |    0 |     0 |      0 |      1 |          0 |
|         u_global                                                                                      |                                        npu_global_frontend |        521 |        521 |       0 |    0 |   526 |      0 |      0 |          0 |
|         u_layer_ctrl                                                                                  |                               npu_unified_layer_controller |        275 |        275 |       0 |    0 |     6 |      0 |      0 |          0 |
|         u_operand_buffer                                                                              |                                 npu_unified_operand_buffer |          2 |          2 |       0 |    0 |  1585 |      0 |      0 |          0 |
|         u_result_buffer                                                                               |                                  npu_unified_result_buffer |        269 |        269 |       0 |    0 |   282 |      0 |      0 |          0 |
|     proc_sys_reset_0                                                                                  |                              design_SoC_proc_sys_reset_0_0 |         17 |         16 |       0 |    1 |    29 |      0 |      0 |          0 |
|       U0                                                                                              |                                             proc_sys_reset |         17 |         16 |       0 |    1 |    29 |      0 |      0 |          0 |
|         (U0)                                                                                          |                                             proc_sys_reset |          0 |          0 |       0 |    0 |     2 |      0 |      0 |          0 |
|         EXT_LPF                                                                                       |                                                      lpf_0 |          4 |          3 |       0 |    1 |     9 |      0 |      0 |          0 |
|           (EXT_LPF)                                                                                   |                                                      lpf_0 |          2 |          1 |       0 |    1 |     5 |      0 |      0 |          0 |
|           ACTIVE_LOW_EXT.ACT_LO_EXT                                                                   |                                                   cdc_sync |          2 |          2 |       0 |    0 |     4 |      0 |      0 |          0 |
|         SEQ                                                                                           |                                             sequence_psr_1 |         13 |         13 |       0 |    0 |    18 |      0 |      0 |          0 |
|           (SEQ)                                                                                       |                                             sequence_psr_1 |          8 |          8 |       0 |    0 |    12 |      0 |      0 |          0 |
|           SEQ_COUNTER                                                                                 |                           proc_sys_reset_v5_0_16_upcnt_n_2 |          5 |          5 |       0 |    0 |     6 |      0 |      0 |          0 |
|     processing_system7_0                                                                              |                          design_SoC_processing_system7_0_0 |          0 |          0 |       0 |    0 |     0 |      0 |      0 |          0 |
|       inst                                                                                            |                 processing_system7_v5_5_processing_system7 |          0 |          0 |       0 |    0 |     0 |      0 |      0 |          0 |
|     smartconnect_0                                                                                    |                                design_SoC_smartconnect_0_0 |        837 |        836 |       0 |    1 |   907 |      0 |      0 |          0 |
|       inst                                                                                            |                                                    bd_4bb2 |        837 |        836 |       0 |    1 |   907 |      0 |      0 |          0 |
|         clk_map                                                                                       |                                         clk_map_imp_ZPMLWN |         13 |         12 |       0 |    1 |    22 |      0 |      0 |          0 |
|           psr_aclk                                                                                    |                                         bd_4bb2_psr_aclk_0 |         13 |         12 |       0 |    1 |    22 |      0 |      0 |          0 |
|             U0                                                                                        |                         proc_sys_reset__parameterized2_491 |         13 |         12 |       0 |    1 |    22 |      0 |      0 |          0 |
|               (U0)                                                                                    |                         proc_sys_reset__parameterized2_491 |          0 |          0 |       0 |    0 |     1 |      0 |      0 |          0 |
|               EXT_LPF                                                                                 |                                    lpf__parameterized0_492 |          3 |          2 |       0 |    1 |     6 |      0 |      0 |          0 |
|                 (EXT_LPF)                                                                             |                                    lpf__parameterized0_492 |          2 |          1 |       0 |    1 |     2 |      0 |      0 |          0 |
|                 ACTIVE_LOW_AUX.ACT_LO_AUX                                                             |                                               cdc_sync_495 |          1 |          1 |       0 |    0 |     4 |      0 |      0 |          0 |
|               SEQ                                                                                     |                                           sequence_psr_493 |         10 |         10 |       0 |    0 |    15 |      0 |      0 |          0 |
|                 (SEQ)                                                                                 |                                           sequence_psr_493 |          5 |          5 |       0 |    0 |     9 |      0 |      0 |          0 |
|                 SEQ_COUNTER                                                                           |                         proc_sys_reset_v5_0_16_upcnt_n_494 |          5 |          5 |       0 |    0 |     6 |      0 |      0 |          0 |
|         m00_exit_pipeline                                                                             |                               m00_exit_pipeline_imp_XBNX6K |         11 |         11 |       0 |    0 |    10 |      0 |      0 |          0 |
|           m00_exit                                                                                    |                                             bd_4bb2_m00e_0 |         11 |         11 |       0 |    0 |    10 |      0 |      0 |          0 |
|             inst                                                                                      |                                        sc_exit_v1_0_16_top |         11 |         11 |       0 |    0 |    10 |      0 |      0 |          0 |
|               (inst)                                                                                  |                                        sc_exit_v1_0_16_top |          2 |          2 |       0 |    0 |     2 |      0 |      0 |          0 |
|               exit_inst                                                                               |                                       sc_exit_v1_0_16_exit |          8 |          8 |       0 |    0 |     5 |      0 |      0 |          0 |
|               xpm_cdc_async_rst_inst                                                                  |                     xpm_cdc_async_rst__parameterized1__116 |          1 |          1 |       0 |    0 |     3 |      0 |      0 |          0 |
|         m00_nodes                                                                                     |                                       m00_nodes_imp_B5EETS |         24 |         24 |       0 |    0 |    27 |      0 |      0 |          0 |
|           m00_ar_node                                                                                 |                                           bd_4bb2_m00arn_0 |          5 |          5 |       0 |    0 |     5 |      0 |      0 |          0 |
|             inst                                                                                      |                             sc_node_v1_0_17_top__xdcDup__1 |          5 |          5 |       0 |    0 |     5 |      0 |      0 |          0 |
|               (inst)                                                                                  |                             sc_node_v1_0_17_top__xdcDup__1 |          3 |          3 |       0 |    0 |     1 |      0 |      0 |          0 |
|               inst_mi_handler                                                                         |                             sc_node_v1_0_17_mi_handler_490 |          1 |          1 |       0 |    0 |     1 |      0 |      0 |          0 |
|               s_sc_xpm_cdc_async_rst_inst                                                             |                     xpm_cdc_async_rst__parameterized1__114 |          1 |          1 |       0 |    0 |     3 |      0 |      0 |          0 |
|           m00_aw_node                                                                                 |                                           bd_4bb2_m00awn_0 |          5 |          5 |       0 |    0 |     5 |      0 |      0 |          0 |
|             inst                                                                                      |             sc_node_v1_0_17_top__parameterized0__xdcDup__1 |          5 |          5 |       0 |    0 |     5 |      0 |      0 |          0 |
|               (inst)                                                                                  |             sc_node_v1_0_17_top__parameterized0__xdcDup__1 |          3 |          3 |       0 |    0 |     1 |      0 |      0 |          0 |
|               inst_mi_handler                                                                         |             sc_node_v1_0_17_mi_handler__parameterized0_489 |          1 |          1 |       0 |    0 |     1 |      0 |      0 |          0 |
|               s_sc_xpm_cdc_async_rst_inst                                                             |                     xpm_cdc_async_rst__parameterized1__112 |          1 |          1 |       0 |    0 |     3 |      0 |      0 |          0 |
|           m00_b_node                                                                                  |                                            bd_4bb2_m00bn_0 |          6 |          6 |       0 |    0 |     6 |      0 |      0 |          0 |
|             inst                                                                                      |             sc_node_v1_0_17_top__parameterized1__xdcDup__1 |          6 |          6 |       0 |    0 |     6 |      0 |      0 |          0 |
|               (inst)                                                                                  |             sc_node_v1_0_17_top__parameterized1__xdcDup__1 |          3 |          3 |       0 |    0 |     1 |      0 |      0 |          0 |
|               inst_mi_handler                                                                         |             sc_node_v1_0_17_mi_handler__parameterized1_488 |          2 |          2 |       0 |    0 |     2 |      0 |      0 |          0 |
|               s_sc_xpm_cdc_async_rst_inst                                                             |                     xpm_cdc_async_rst__parameterized1__110 |          1 |          1 |       0 |    0 |     3 |      0 |      0 |          0 |
|           m00_r_node                                                                                  |                                            bd_4bb2_m00rn_0 |          6 |          6 |       0 |    0 |     6 |      0 |      0 |          0 |
|             inst                                                                                      |             sc_node_v1_0_17_top__parameterized2__xdcDup__1 |          6 |          6 |       0 |    0 |     6 |      0 |      0 |          0 |
|               (inst)                                                                                  |             sc_node_v1_0_17_top__parameterized2__xdcDup__1 |          3 |          3 |       0 |    0 |     1 |      0 |      0 |          0 |
|               inst_mi_handler                                                                         |             sc_node_v1_0_17_mi_handler__parameterized2_487 |          2 |          2 |       0 |    0 |     2 |      0 |      0 |          0 |
|               s_sc_xpm_cdc_async_rst_inst                                                             |                     xpm_cdc_async_rst__parameterized1__108 |          1 |          1 |       0 |    0 |     3 |      0 |      0 |          0 |
|           m00_w_node                                                                                  |                                            bd_4bb2_m00wn_0 |          4 |          4 |       0 |    0 |     5 |      0 |      0 |          0 |
|             inst                                                                                      |             sc_node_v1_0_17_top__parameterized3__xdcDup__1 |          4 |          4 |       0 |    0 |     5 |      0 |      0 |          0 |
|               (inst)                                                                                  |             sc_node_v1_0_17_top__parameterized3__xdcDup__1 |          2 |          2 |       0 |    0 |     1 |      0 |      0 |          0 |
|               inst_mi_handler                                                                         |             sc_node_v1_0_17_mi_handler__parameterized3_486 |          1 |          1 |       0 |    0 |     1 |      0 |      0 |          0 |
|               s_sc_xpm_cdc_async_rst_inst                                                             |                     xpm_cdc_async_rst__parameterized1__106 |          1 |          1 |       0 |    0 |     3 |      0 |      0 |          0 |
|         m00_sc2axi                                                                                    |                                           bd_4bb2_m00s2a_0 |          0 |          0 |       0 |    0 |     0 |      0 |      0 |          0 |
|           inst                                                                                        |                                      sc_sc2axi_v1_0_10_top |          0 |          0 |       0 |    0 |     0 |      0 |      0 |          0 |
|         m01_exit_pipeline                                                                             |                               m01_exit_pipeline_imp_UUPSHO |         10 |         10 |       0 |    0 |     9 |      0 |      0 |          0 |
|           m01_exit                                                                                    |                                             bd_4bb2_m01e_0 |         10 |         10 |       0 |    0 |     9 |      0 |      0 |          0 |
|             inst                                                                                      |                        sc_exit_v1_0_16_top__parameterized0 |         10 |         10 |       0 |    0 |     9 |      0 |      0 |          0 |
|               (inst)                                                                                  |                        sc_exit_v1_0_16_top__parameterized0 |          2 |          2 |       0 |    0 |     2 |      0 |      0 |          0 |
|               exit_inst                                                                               |                       sc_exit_v1_0_16_exit__parameterized0 |          7 |          7 |       0 |    0 |     4 |      0 |      0 |          0 |
|               xpm_cdc_async_rst_inst                                                                  |                     xpm_cdc_async_rst__parameterized1__105 |          1 |          1 |       0 |    0 |     3 |      0 |      0 |          0 |
|         m01_nodes                                                                                     |                                      m01_nodes_imp_1E989GM |         23 |         23 |       0 |    0 |    27 |      0 |      0 |          0 |
|           m01_ar_node                                                                                 |                                           bd_4bb2_m01arn_0 |          5 |          5 |       0 |    0 |     5 |      0 |      0 |          0 |
|             inst                                                                                      |                             sc_node_v1_0_17_top__xdcDup__2 |          5 |          5 |       0 |    0 |     5 |      0 |      0 |          0 |
|               (inst)                                                                                  |                             sc_node_v1_0_17_top__xdcDup__2 |          3 |          3 |       0 |    0 |     1 |      0 |      0 |          0 |
|               inst_mi_handler                                                                         |                             sc_node_v1_0_17_mi_handler_485 |          1 |          1 |       0 |    0 |     1 |      0 |      0 |          0 |
|               s_sc_xpm_cdc_async_rst_inst                                                             |                     xpm_cdc_async_rst__parameterized1__103 |          1 |          1 |       0 |    0 |     3 |      0 |      0 |          0 |
|           m01_aw_node                                                                                 |                                           bd_4bb2_m01awn_0 |          5 |          5 |       0 |    0 |     5 |      0 |      0 |          0 |
|             inst                                                                                      |             sc_node_v1_0_17_top__parameterized0__xdcDup__2 |          5 |          5 |       0 |    0 |     5 |      0 |      0 |          0 |
|               (inst)                                                                                  |             sc_node_v1_0_17_top__parameterized0__xdcDup__2 |          3 |          3 |       0 |    0 |     1 |      0 |      0 |          0 |
|               inst_mi_handler                                                                         |             sc_node_v1_0_17_mi_handler__parameterized0_484 |          1 |          1 |       0 |    0 |     1 |      0 |      0 |          0 |
|               s_sc_xpm_cdc_async_rst_inst                                                             |                     xpm_cdc_async_rst__parameterized1__101 |          1 |          1 |       0 |    0 |     3 |      0 |      0 |          0 |
|           m01_b_node                                                                                  |                                            bd_4bb2_m01bn_0 |          6 |          6 |       0 |    0 |     6 |      0 |      0 |          0 |
|             inst                                                                                      |             sc_node_v1_0_17_top__parameterized1__xdcDup__2 |          6 |          6 |       0 |    0 |     6 |      0 |      0 |          0 |
|               (inst)                                                                                  |             sc_node_v1_0_17_top__parameterized1__xdcDup__2 |          3 |          3 |       0 |    0 |     1 |      0 |      0 |          0 |
|               inst_mi_handler                                                                         |             sc_node_v1_0_17_mi_handler__parameterized1_483 |          2 |          2 |       0 |    0 |     2 |      0 |      0 |          0 |
|               s_sc_xpm_cdc_async_rst_inst                                                             |                      xpm_cdc_async_rst__parameterized1__99 |          1 |          1 |       0 |    0 |     3 |      0 |      0 |          0 |
|           m01_r_node                                                                                  |                                            bd_4bb2_m01rn_0 |          6 |          6 |       0 |    0 |     6 |      0 |      0 |          0 |
|             inst                                                                                      |             sc_node_v1_0_17_top__parameterized2__xdcDup__2 |          6 |          6 |       0 |    0 |     6 |      0 |      0 |          0 |
|               (inst)                                                                                  |             sc_node_v1_0_17_top__parameterized2__xdcDup__2 |          3 |          3 |       0 |    0 |     1 |      0 |      0 |          0 |
|               inst_mi_handler                                                                         |             sc_node_v1_0_17_mi_handler__parameterized2_482 |          2 |          2 |       0 |    0 |     2 |      0 |      0 |          0 |
|               s_sc_xpm_cdc_async_rst_inst                                                             |                      xpm_cdc_async_rst__parameterized1__97 |          1 |          1 |       0 |    0 |     3 |      0 |      0 |          0 |
|           m01_w_node                                                                                  |                                            bd_4bb2_m01wn_0 |          5 |          5 |       0 |    0 |     5 |      0 |      0 |          0 |
|             inst                                                                                      |             sc_node_v1_0_17_top__parameterized3__xdcDup__2 |          5 |          5 |       0 |    0 |     5 |      0 |      0 |          0 |
|               (inst)                                                                                  |             sc_node_v1_0_17_top__parameterized3__xdcDup__2 |          3 |          3 |       0 |    0 |     1 |      0 |      0 |          0 |
|               inst_mi_handler                                                                         |             sc_node_v1_0_17_mi_handler__parameterized3_481 |          1 |          1 |       0 |    0 |     1 |      0 |      0 |          0 |
|               s_sc_xpm_cdc_async_rst_inst                                                             |                      xpm_cdc_async_rst__parameterized1__95 |          1 |          1 |       0 |    0 |     3 |      0 |      0 |          0 |
|         m01_sc2axi                                                                                    |                                           bd_4bb2_m01s2a_0 |          0 |          0 |       0 |    0 |     0 |      0 |      0 |          0 |
|           inst                                                                                        |                      sc_sc2axi_v1_0_10_top__parameterized0 |          0 |          0 |       0 |    0 |     0 |      0 |      0 |          0 |
|         m02_exit_pipeline                                                                             |                               m02_exit_pipeline_imp_NXY918 |         10 |         10 |       0 |    0 |     9 |      0 |      0 |          0 |
|           m02_exit                                                                                    |                                             bd_4bb2_m02e_0 |         10 |         10 |       0 |    0 |     9 |      0 |      0 |          0 |
|             inst                                                                                      |                        sc_exit_v1_0_16_top__parameterized1 |         10 |         10 |       0 |    0 |     9 |      0 |      0 |          0 |
|               (inst)                                                                                  |                        sc_exit_v1_0_16_top__parameterized1 |          2 |          2 |       0 |    0 |     2 |      0 |      0 |          0 |
|               exit_inst                                                                               |                       sc_exit_v1_0_16_exit__parameterized1 |          7 |          7 |       0 |    0 |     4 |      0 |      0 |          0 |
|               xpm_cdc_async_rst_inst                                                                  |                      xpm_cdc_async_rst__parameterized1__94 |          1 |          1 |       0 |    0 |     3 |      0 |      0 |          0 |
|         m02_nodes                                                                                     |                                      m02_nodes_imp_1JUAP19 |         25 |         25 |       0 |    0 |    27 |      0 |      0 |          0 |
|           m02_ar_node                                                                                 |                                           bd_4bb2_m02arn_0 |          5 |          5 |       0 |    0 |     5 |      0 |      0 |          0 |
|             inst                                                                                      |                             sc_node_v1_0_17_top__xdcDup__3 |          5 |          5 |       0 |    0 |     5 |      0 |      0 |          0 |
|               (inst)                                                                                  |                             sc_node_v1_0_17_top__xdcDup__3 |          3 |          3 |       0 |    0 |     1 |      0 |      0 |          0 |
|               inst_mi_handler                                                                         |                             sc_node_v1_0_17_mi_handler_480 |          1 |          1 |       0 |    0 |     1 |      0 |      0 |          0 |
|               s_sc_xpm_cdc_async_rst_inst                                                             |                      xpm_cdc_async_rst__parameterized1__92 |          1 |          1 |       0 |    0 |     3 |      0 |      0 |          0 |
|           m02_aw_node                                                                                 |                                           bd_4bb2_m02awn_0 |          5 |          5 |       0 |    0 |     5 |      0 |      0 |          0 |
|             inst                                                                                      |             sc_node_v1_0_17_top__parameterized0__xdcDup__3 |          5 |          5 |       0 |    0 |     5 |      0 |      0 |          0 |
|               (inst)                                                                                  |             sc_node_v1_0_17_top__parameterized0__xdcDup__3 |          3 |          3 |       0 |    0 |     1 |      0 |      0 |          0 |
|               inst_mi_handler                                                                         |             sc_node_v1_0_17_mi_handler__parameterized0_479 |          1 |          1 |       0 |    0 |     1 |      0 |      0 |          0 |
|               s_sc_xpm_cdc_async_rst_inst                                                             |                      xpm_cdc_async_rst__parameterized1__90 |          1 |          1 |       0 |    0 |     3 |      0 |      0 |          0 |
|           m02_b_node                                                                                  |                                            bd_4bb2_m02bn_0 |          6 |          6 |       0 |    0 |     6 |      0 |      0 |          0 |
|             inst                                                                                      |             sc_node_v1_0_17_top__parameterized1__xdcDup__3 |          6 |          6 |       0 |    0 |     6 |      0 |      0 |          0 |
|               (inst)                                                                                  |             sc_node_v1_0_17_top__parameterized1__xdcDup__3 |          3 |          3 |       0 |    0 |     1 |      0 |      0 |          0 |
|               inst_mi_handler                                                                         |             sc_node_v1_0_17_mi_handler__parameterized1_478 |          2 |          2 |       0 |    0 |     2 |      0 |      0 |          0 |
|               s_sc_xpm_cdc_async_rst_inst                                                             |                      xpm_cdc_async_rst__parameterized1__88 |          1 |          1 |       0 |    0 |     3 |      0 |      0 |          0 |
|           m02_r_node                                                                                  |                                            bd_4bb2_m02rn_0 |          6 |          6 |       0 |    0 |     6 |      0 |      0 |          0 |
|             inst                                                                                      |             sc_node_v1_0_17_top__parameterized2__xdcDup__3 |          6 |          6 |       0 |    0 |     6 |      0 |      0 |          0 |
|               (inst)                                                                                  |             sc_node_v1_0_17_top__parameterized2__xdcDup__3 |          3 |          3 |       0 |    0 |     1 |      0 |      0 |          0 |
|               inst_mi_handler                                                                         |             sc_node_v1_0_17_mi_handler__parameterized2_477 |          2 |          2 |       0 |    0 |     2 |      0 |      0 |          0 |
|               s_sc_xpm_cdc_async_rst_inst                                                             |                      xpm_cdc_async_rst__parameterized1__86 |          1 |          1 |       0 |    0 |     3 |      0 |      0 |          0 |
|           m02_w_node                                                                                  |                                            bd_4bb2_m02wn_0 |          5 |          5 |       0 |    0 |     5 |      0 |      0 |          0 |
|             inst                                                                                      |             sc_node_v1_0_17_top__parameterized3__xdcDup__3 |          5 |          5 |       0 |    0 |     5 |      0 |      0 |          0 |
|               (inst)                                                                                  |             sc_node_v1_0_17_top__parameterized3__xdcDup__3 |          3 |          3 |       0 |    0 |     1 |      0 |      0 |          0 |
|               inst_mi_handler                                                                         |             sc_node_v1_0_17_mi_handler__parameterized3_476 |          1 |          1 |       0 |    0 |     1 |      0 |      0 |          0 |
|               s_sc_xpm_cdc_async_rst_inst                                                             |                      xpm_cdc_async_rst__parameterized1__84 |          1 |          1 |       0 |    0 |     3 |      0 |      0 |          0 |
|         m02_sc2axi                                                                                    |                                           bd_4bb2_m02s2a_0 |          0 |          0 |       0 |    0 |     0 |      0 |      0 |          0 |
|           inst                                                                                        |                      sc_sc2axi_v1_0_10_top__parameterized1 |          0 |          0 |       0 |    0 |     0 |      0 |      0 |          0 |
|         m03_exit_pipeline                                                                             |                               m03_exit_pipeline_imp_I54ANW |         10 |         10 |       0 |    0 |     9 |      0 |      0 |          0 |
|           m03_exit                                                                                    |                                             bd_4bb2_m03e_0 |         10 |         10 |       0 |    0 |     9 |      0 |      0 |          0 |
|             inst                                                                                      |                        sc_exit_v1_0_16_top__parameterized2 |         10 |         10 |       0 |    0 |     9 |      0 |      0 |          0 |
|               (inst)                                                                                  |                        sc_exit_v1_0_16_top__parameterized2 |          2 |          2 |       0 |    0 |     2 |      0 |      0 |          0 |
|               exit_inst                                                                               |                       sc_exit_v1_0_16_exit__parameterized2 |          7 |          7 |       0 |    0 |     4 |      0 |      0 |          0 |
|               xpm_cdc_async_rst_inst                                                                  |                      xpm_cdc_async_rst__parameterized1__83 |          1 |          1 |       0 |    0 |     3 |      0 |      0 |          0 |
|         m03_nodes                                                                                     |                                       m03_nodes_imp_NE3XHN |         25 |         25 |       0 |    0 |    27 |      0 |      0 |          0 |
|           m03_ar_node                                                                                 |                                           bd_4bb2_m03arn_0 |          5 |          5 |       0 |    0 |     5 |      0 |      0 |          0 |
|             inst                                                                                      |                             sc_node_v1_0_17_top__xdcDup__4 |          5 |          5 |       0 |    0 |     5 |      0 |      0 |          0 |
|               (inst)                                                                                  |                             sc_node_v1_0_17_top__xdcDup__4 |          3 |          3 |       0 |    0 |     1 |      0 |      0 |          0 |
|               inst_mi_handler                                                                         |                             sc_node_v1_0_17_mi_handler_475 |          1 |          1 |       0 |    0 |     1 |      0 |      0 |          0 |
|               s_sc_xpm_cdc_async_rst_inst                                                             |                      xpm_cdc_async_rst__parameterized1__81 |          1 |          1 |       0 |    0 |     3 |      0 |      0 |          0 |
|           m03_aw_node                                                                                 |                                           bd_4bb2_m03awn_0 |          4 |          4 |       0 |    0 |     5 |      0 |      0 |          0 |
|             inst                                                                                      |             sc_node_v1_0_17_top__parameterized0__xdcDup__4 |          4 |          4 |       0 |    0 |     5 |      0 |      0 |          0 |
|               (inst)                                                                                  |             sc_node_v1_0_17_top__parameterized0__xdcDup__4 |          2 |          2 |       0 |    0 |     1 |      0 |      0 |          0 |
|               inst_mi_handler                                                                         |             sc_node_v1_0_17_mi_handler__parameterized0_474 |          1 |          1 |       0 |    0 |     1 |      0 |      0 |          0 |
|               s_sc_xpm_cdc_async_rst_inst                                                             |                      xpm_cdc_async_rst__parameterized1__79 |          1 |          1 |       0 |    0 |     3 |      0 |      0 |          0 |
|           m03_b_node                                                                                  |                                            bd_4bb2_m03bn_0 |          6 |          6 |       0 |    0 |     6 |      0 |      0 |          0 |
|             inst                                                                                      |             sc_node_v1_0_17_top__parameterized1__xdcDup__4 |          6 |          6 |       0 |    0 |     6 |      0 |      0 |          0 |
|               (inst)                                                                                  |             sc_node_v1_0_17_top__parameterized1__xdcDup__4 |          3 |          3 |       0 |    0 |     1 |      0 |      0 |          0 |
|               inst_mi_handler                                                                         |             sc_node_v1_0_17_mi_handler__parameterized1_473 |          2 |          2 |       0 |    0 |     2 |      0 |      0 |          0 |
|               s_sc_xpm_cdc_async_rst_inst                                                             |                      xpm_cdc_async_rst__parameterized1__77 |          1 |          1 |       0 |    0 |     3 |      0 |      0 |          0 |
|           m03_r_node                                                                                  |                                            bd_4bb2_m03rn_0 |          6 |          6 |       0 |    0 |     6 |      0 |      0 |          0 |
|             inst                                                                                      |             sc_node_v1_0_17_top__parameterized2__xdcDup__4 |          6 |          6 |       0 |    0 |     6 |      0 |      0 |          0 |
|               (inst)                                                                                  |             sc_node_v1_0_17_top__parameterized2__xdcDup__4 |          3 |          3 |       0 |    0 |     1 |      0 |      0 |          0 |
|               inst_mi_handler                                                                         |             sc_node_v1_0_17_mi_handler__parameterized2_472 |          2 |          2 |       0 |    0 |     2 |      0 |      0 |          0 |
|               s_sc_xpm_cdc_async_rst_inst                                                             |                      xpm_cdc_async_rst__parameterized1__75 |          1 |          1 |       0 |    0 |     3 |      0 |      0 |          0 |
|           m03_w_node                                                                                  |                                            bd_4bb2_m03wn_0 |          5 |          5 |       0 |    0 |     5 |      0 |      0 |          0 |
|             inst                                                                                      |             sc_node_v1_0_17_top__parameterized3__xdcDup__4 |          5 |          5 |       0 |    0 |     5 |      0 |      0 |          0 |
|               (inst)                                                                                  |             sc_node_v1_0_17_top__parameterized3__xdcDup__4 |          3 |          3 |       0 |    0 |     1 |      0 |      0 |          0 |
|               inst_mi_handler                                                                         |             sc_node_v1_0_17_mi_handler__parameterized3_471 |          1 |          1 |       0 |    0 |     1 |      0 |      0 |          0 |
|               s_sc_xpm_cdc_async_rst_inst                                                             |                      xpm_cdc_async_rst__parameterized1__73 |          1 |          1 |       0 |    0 |     3 |      0 |      0 |          0 |
|         m03_sc2axi                                                                                    |                                           bd_4bb2_m03s2a_0 |          0 |          0 |       0 |    0 |     0 |      0 |      0 |          0 |
|           inst                                                                                        |                      sc_sc2axi_v1_0_10_top__parameterized2 |          0 |          0 |       0 |    0 |     0 |      0 |      0 |          0 |
|         m04_exit_pipeline                                                                             |                               m04_exit_pipeline_imp_A6WSE4 |         10 |         10 |       0 |    0 |     9 |      0 |      0 |          0 |
|           m04_exit                                                                                    |                                             bd_4bb2_m04e_0 |         10 |         10 |       0 |    0 |     9 |      0 |      0 |          0 |
|             inst                                                                                      |             sc_exit_v1_0_16_top__parameterized3__xdcDup__1 |         10 |         10 |       0 |    0 |     9 |      0 |      0 |          0 |
|               (inst)                                                                                  |             sc_exit_v1_0_16_top__parameterized3__xdcDup__1 |          2 |          2 |       0 |    0 |     2 |      0 |      0 |          0 |
|               exit_inst                                                                               |                   sc_exit_v1_0_16_exit__parameterized3_470 |          7 |          7 |       0 |    0 |     4 |      0 |      0 |          0 |
|               xpm_cdc_async_rst_inst                                                                  |                      xpm_cdc_async_rst__parameterized1__72 |          1 |          1 |       0 |    0 |     3 |      0 |      0 |          0 |
|         m04_nodes                                                                                     |                                       m04_nodes_imp_DQLI17 |         26 |         26 |       0 |    0 |    27 |      0 |      0 |          0 |
|           m04_ar_node                                                                                 |                                           bd_4bb2_m04arn_0 |          5 |          5 |       0 |    0 |     5 |      0 |      0 |          0 |
|             inst                                                                                      |                             sc_node_v1_0_17_top__xdcDup__5 |          5 |          5 |       0 |    0 |     5 |      0 |      0 |          0 |
|               (inst)                                                                                  |                             sc_node_v1_0_17_top__xdcDup__5 |          3 |          3 |       0 |    0 |     1 |      0 |      0 |          0 |
|               inst_mi_handler                                                                         |                             sc_node_v1_0_17_mi_handler_469 |          1 |          1 |       0 |    0 |     1 |      0 |      0 |          0 |
|               s_sc_xpm_cdc_async_rst_inst                                                             |                      xpm_cdc_async_rst__parameterized1__70 |          1 |          1 |       0 |    0 |     3 |      0 |      0 |          0 |
|           m04_aw_node                                                                                 |                                           bd_4bb2_m04awn_0 |          5 |          5 |       0 |    0 |     5 |      0 |      0 |          0 |
|             inst                                                                                      |             sc_node_v1_0_17_top__parameterized0__xdcDup__5 |          5 |          5 |       0 |    0 |     5 |      0 |      0 |          0 |
|               (inst)                                                                                  |             sc_node_v1_0_17_top__parameterized0__xdcDup__5 |          3 |          3 |       0 |    0 |     1 |      0 |      0 |          0 |
|               inst_mi_handler                                                                         |             sc_node_v1_0_17_mi_handler__parameterized0_468 |          1 |          1 |       0 |    0 |     1 |      0 |      0 |          0 |
|               s_sc_xpm_cdc_async_rst_inst                                                             |                      xpm_cdc_async_rst__parameterized1__68 |          1 |          1 |       0 |    0 |     3 |      0 |      0 |          0 |
|           m04_b_node                                                                                  |                                            bd_4bb2_m04bn_0 |          6 |          6 |       0 |    0 |     6 |      0 |      0 |          0 |
|             inst                                                                                      |             sc_node_v1_0_17_top__parameterized1__xdcDup__5 |          6 |          6 |       0 |    0 |     6 |      0 |      0 |          0 |
|               (inst)                                                                                  |             sc_node_v1_0_17_top__parameterized1__xdcDup__5 |          3 |          3 |       0 |    0 |     1 |      0 |      0 |          0 |
|               inst_mi_handler                                                                         |             sc_node_v1_0_17_mi_handler__parameterized1_467 |          2 |          2 |       0 |    0 |     2 |      0 |      0 |          0 |
|               s_sc_xpm_cdc_async_rst_inst                                                             |                      xpm_cdc_async_rst__parameterized1__66 |          1 |          1 |       0 |    0 |     3 |      0 |      0 |          0 |
|           m04_r_node                                                                                  |                                            bd_4bb2_m04rn_0 |          6 |          6 |       0 |    0 |     6 |      0 |      0 |          0 |
|             inst                                                                                      |             sc_node_v1_0_17_top__parameterized2__xdcDup__5 |          6 |          6 |       0 |    0 |     6 |      0 |      0 |          0 |
|               (inst)                                                                                  |             sc_node_v1_0_17_top__parameterized2__xdcDup__5 |          3 |          3 |       0 |    0 |     1 |      0 |      0 |          0 |
|               inst_mi_handler                                                                         |             sc_node_v1_0_17_mi_handler__parameterized2_466 |          2 |          2 |       0 |    0 |     2 |      0 |      0 |          0 |
|               s_sc_xpm_cdc_async_rst_inst                                                             |                      xpm_cdc_async_rst__parameterized1__64 |          1 |          1 |       0 |    0 |     3 |      0 |      0 |          0 |
|           m04_w_node                                                                                  |                                            bd_4bb2_m04wn_0 |          5 |          5 |       0 |    0 |     5 |      0 |      0 |          0 |
|             inst                                                                                      |             sc_node_v1_0_17_top__parameterized3__xdcDup__5 |          5 |          5 |       0 |    0 |     5 |      0 |      0 |          0 |
|               (inst)                                                                                  |             sc_node_v1_0_17_top__parameterized3__xdcDup__5 |          3 |          3 |       0 |    0 |     1 |      0 |      0 |          0 |
|               inst_mi_handler                                                                         |             sc_node_v1_0_17_mi_handler__parameterized3_465 |          1 |          1 |       0 |    0 |     1 |      0 |      0 |          0 |
|               s_sc_xpm_cdc_async_rst_inst                                                             |                      xpm_cdc_async_rst__parameterized1__62 |          1 |          1 |       0 |    0 |     3 |      0 |      0 |          0 |
|         m04_sc2axi                                                                                    |                                           bd_4bb2_m04s2a_0 |          0 |          0 |       0 |    0 |     0 |      0 |      0 |          0 |
|           inst                                                                                        |                      sc_sc2axi_v1_0_10_top__parameterized3 |          0 |          0 |       0 |    0 |     0 |      0 |      0 |          0 |
|         m05_exit_pipeline                                                                             |                               m05_exit_pipeline_imp_EB70JG |         10 |         10 |       0 |    0 |     9 |      0 |      0 |          0 |
|           m05_exit                                                                                    |                                             bd_4bb2_m05e_0 |         10 |         10 |       0 |    0 |     9 |      0 |      0 |          0 |
|             inst                                                                                      |                        sc_exit_v1_0_16_top__parameterized3 |         10 |         10 |       0 |    0 |     9 |      0 |      0 |          0 |
|               (inst)                                                                                  |                        sc_exit_v1_0_16_top__parameterized3 |          2 |          2 |       0 |    0 |     2 |      0 |      0 |          0 |
|               exit_inst                                                                               |                       sc_exit_v1_0_16_exit__parameterized3 |          7 |          7 |       0 |    0 |     4 |      0 |      0 |          0 |
|               xpm_cdc_async_rst_inst                                                                  |                      xpm_cdc_async_rst__parameterized1__61 |          1 |          1 |       0 |    0 |     3 |      0 |      0 |          0 |
|         m05_nodes                                                                                     |                                      m05_nodes_imp_1BVIZ99 |         24 |         24 |       0 |    0 |    27 |      0 |      0 |          0 |
|           m05_ar_node                                                                                 |                                           bd_4bb2_m05arn_0 |          5 |          5 |       0 |    0 |     5 |      0 |      0 |          0 |
|             inst                                                                                      |                                        sc_node_v1_0_17_top |          5 |          5 |       0 |    0 |     5 |      0 |      0 |          0 |
|               (inst)                                                                                  |                                        sc_node_v1_0_17_top |          3 |          3 |       0 |    0 |     1 |      0 |      0 |          0 |
|               inst_mi_handler                                                                         |                                 sc_node_v1_0_17_mi_handler |          1 |          1 |       0 |    0 |     1 |      0 |      0 |          0 |
|               s_sc_xpm_cdc_async_rst_inst                                                             |                      xpm_cdc_async_rst__parameterized1__59 |          1 |          1 |       0 |    0 |     3 |      0 |      0 |          0 |
|           m05_aw_node                                                                                 |                                           bd_4bb2_m05awn_0 |          5 |          5 |       0 |    0 |     5 |      0 |      0 |          0 |
|             inst                                                                                      |                        sc_node_v1_0_17_top__parameterized0 |          5 |          5 |       0 |    0 |     5 |      0 |      0 |          0 |
|               (inst)                                                                                  |                        sc_node_v1_0_17_top__parameterized0 |          3 |          3 |       0 |    0 |     1 |      0 |      0 |          0 |
|               inst_mi_handler                                                                         |                 sc_node_v1_0_17_mi_handler__parameterized0 |          1 |          1 |       0 |    0 |     1 |      0 |      0 |          0 |
|               s_sc_xpm_cdc_async_rst_inst                                                             |                      xpm_cdc_async_rst__parameterized1__57 |          1 |          1 |       0 |    0 |     3 |      0 |      0 |          0 |
|           m05_b_node                                                                                  |                                            bd_4bb2_m05bn_0 |          6 |          6 |       0 |    0 |     6 |      0 |      0 |          0 |
|             inst                                                                                      |                        sc_node_v1_0_17_top__parameterized1 |          6 |          6 |       0 |    0 |     6 |      0 |      0 |          0 |
|               (inst)                                                                                  |                        sc_node_v1_0_17_top__parameterized1 |          3 |          3 |       0 |    0 |     1 |      0 |      0 |          0 |
|               inst_mi_handler                                                                         |                 sc_node_v1_0_17_mi_handler__parameterized1 |          2 |          2 |       0 |    0 |     2 |      0 |      0 |          0 |
|               s_sc_xpm_cdc_async_rst_inst                                                             |                      xpm_cdc_async_rst__parameterized1__55 |          1 |          1 |       0 |    0 |     3 |      0 |      0 |          0 |
|           m05_r_node                                                                                  |                                            bd_4bb2_m05rn_0 |          6 |          6 |       0 |    0 |     6 |      0 |      0 |          0 |
|             inst                                                                                      |                        sc_node_v1_0_17_top__parameterized2 |          6 |          6 |       0 |    0 |     6 |      0 |      0 |          0 |
|               (inst)                                                                                  |                        sc_node_v1_0_17_top__parameterized2 |          3 |          3 |       0 |    0 |     1 |      0 |      0 |          0 |
|               inst_mi_handler                                                                         |                 sc_node_v1_0_17_mi_handler__parameterized2 |          2 |          2 |       0 |    0 |     2 |      0 |      0 |          0 |
|               s_sc_xpm_cdc_async_rst_inst                                                             |                      xpm_cdc_async_rst__parameterized1__53 |          1 |          1 |       0 |    0 |     3 |      0 |      0 |          0 |
|           m05_w_node                                                                                  |                                            bd_4bb2_m05wn_0 |          5 |          5 |       0 |    0 |     5 |      0 |      0 |          0 |
|             inst                                                                                      |                        sc_node_v1_0_17_top__parameterized3 |          5 |          5 |       0 |    0 |     5 |      0 |      0 |          0 |
|               (inst)                                                                                  |                        sc_node_v1_0_17_top__parameterized3 |          3 |          3 |       0 |    0 |     1 |      0 |      0 |          0 |
|               inst_mi_handler                                                                         |                 sc_node_v1_0_17_mi_handler__parameterized3 |          1 |          1 |       0 |    0 |     1 |      0 |      0 |          0 |
|               s_sc_xpm_cdc_async_rst_inst                                                             |                      xpm_cdc_async_rst__parameterized1__51 |          1 |          1 |       0 |    0 |     3 |      0 |      0 |          0 |
|         m05_sc2axi                                                                                    |                                           bd_4bb2_m05s2a_0 |          0 |          0 |       0 |    0 |     0 |      0 |      0 |          0 |
|           inst                                                                                        |                   sc_sc2axi_v1_0_10_top__parameterized3__1 |          0 |          0 |       0 |    0 |     0 |      0 |      0 |          0 |
|         s00_axi2sc                                                                                    |                                           bd_4bb2_s00a2s_0 |          0 |          0 |       0 |    0 |     0 |      0 |      0 |          0 |
|           inst                                                                                        |                                      sc_axi2sc_v1_0_10_top |          0 |          0 |       0 |    0 |     0 |      0 |      0 |          0 |
|         s00_entry_pipeline                                                                            |                             s00_entry_pipeline_imp_1XP72RJ |        358 |        358 |       0 |    0 |   416 |      0 |      0 |          0 |
|           s00_mmu                                                                                     |                                           bd_4bb2_s00mmu_0 |        201 |        201 |       0 |    0 |   212 |      0 |      0 |          0 |
|             inst                                                                                      |                                         sc_mmu_v1_0_14_top |        201 |        201 |       0 |    0 |   212 |      0 |      0 |          0 |
|               (inst)                                                                                  |                                         sc_mmu_v1_0_14_top |         28 |         28 |       0 |    0 |    22 |      0 |      0 |          0 |
|               ar_reg_stall                                                                            |           sc_util_v1_0_4_axi_reg_stall__parameterized0_463 |         56 |         56 |       0 |    0 |    76 |      0 |      0 |          0 |
|               aw_reg_stall                                                                            |           sc_util_v1_0_4_axi_reg_stall__parameterized0_464 |         48 |         48 |       0 |    0 |    68 |      0 |      0 |          0 |
|               gen_endpoint.decerr_slave_inst                                                          |                                sc_mmu_v1_0_14_decerr_slave |         55 |         55 |       0 |    0 |    41 |      0 |      0 |          0 |
|               gen_wroute_reg.wroute_split                                                             |                                sc_util_v1_0_4_axi_splitter |         16 |         16 |       0 |    0 |     2 |      0 |      0 |          0 |
|               xpm_cdc_async_rst_inst                                                                  |                      xpm_cdc_async_rst__parameterized1__28 |          1 |          1 |       0 |    0 |     3 |      0 |      0 |          0 |
|           s00_si_converter                                                                            |                                           bd_4bb2_s00sic_0 |        149 |        149 |       0 |    0 |   172 |      0 |      0 |          0 |
|             inst                                                                                      |                                sc_si_converter_v1_0_14_top |        149 |        149 |       0 |    0 |   172 |      0 |      0 |          0 |
|               (inst)                                                                                  |                                sc_si_converter_v1_0_14_top |          1 |          1 |       0 |    0 |     1 |      0 |      0 |          0 |
|               gen_axilite_conv.axilite_conv_inst                                                      |                       sc_si_converter_v1_0_14_axilite_conv |        147 |        147 |       0 |    0 |   168 |      0 |      0 |          0 |
|               xpm_cdc_async_rst_inst                                                                  |                      xpm_cdc_async_rst__parameterized1__30 |          1 |          1 |       0 |    0 |     3 |      0 |      0 |          0 |
|           s00_transaction_regulator                                                                   |                                            bd_4bb2_s00tr_0 |         10 |         10 |       0 |    0 |    32 |      0 |      0 |          0 |
|             inst                                                                                      |                       sc_transaction_regulator_v1_0_11_top |         10 |         10 |       0 |    0 |    32 |      0 |      0 |          0 |
|               (inst)                                                                                  |                       sc_transaction_regulator_v1_0_11_top |          1 |          1 |       0 |    0 |     1 |      0 |      0 |          0 |
|               gen_endpoint.gen_r_singleorder.r_singleorder                                            |               sc_transaction_regulator_v1_0_11_singleorder |          4 |          4 |       0 |    0 |    13 |      0 |      0 |          0 |
|               gen_endpoint.gen_w_singleorder.w_singleorder                                            |           sc_transaction_regulator_v1_0_11_singleorder_462 |          4 |          4 |       0 |    0 |    15 |      0 |      0 |          0 |
|               xpm_cdc_async_rst_inst                                                                  |                      xpm_cdc_async_rst__parameterized1__29 |          1 |          1 |       0 |    0 |     3 |      0 |      0 |          0 |
|         s00_nodes                                                                                     |                                      s00_nodes_imp_1U6Q8IT |         19 |         19 |       0 |    0 |    25 |      0 |      0 |          0 |
|           s00_ar_node                                                                                 |                                             bd_4bb2_sarn_0 |          5 |          5 |       0 |    0 |     5 |      0 |      0 |          0 |
|             inst                                                                                      |                        sc_node_v1_0_17_top__parameterized4 |          5 |          5 |       0 |    0 |     5 |      0 |      0 |          0 |
|               (inst)                                                                                  |                        sc_node_v1_0_17_top__parameterized4 |          3 |          3 |       0 |    0 |     1 |      0 |      0 |          0 |
|               inst_mi_handler                                                                         |                 sc_node_v1_0_17_mi_handler__parameterized4 |          1 |          1 |       0 |    0 |     1 |      0 |      0 |          0 |
|               s_sc_xpm_cdc_async_rst_inst                                                             |                      xpm_cdc_async_rst__parameterized1__49 |          1 |          1 |       0 |    0 |     3 |      0 |      0 |          0 |
|           s00_aw_node                                                                                 |                                             bd_4bb2_sawn_0 |          5 |          5 |       0 |    0 |     5 |      0 |      0 |          0 |
|             inst                                                                                      |                        sc_node_v1_0_17_top__parameterized5 |          5 |          5 |       0 |    0 |     5 |      0 |      0 |          0 |
|               (inst)                                                                                  |                        sc_node_v1_0_17_top__parameterized5 |          3 |          3 |       0 |    0 |     1 |      0 |      0 |          0 |
|               inst_mi_handler                                                                         |                 sc_node_v1_0_17_mi_handler__parameterized5 |          1 |          1 |       0 |    0 |     1 |      0 |      0 |          0 |
|               s_sc_xpm_cdc_async_rst_inst                                                             |                      xpm_cdc_async_rst__parameterized1__47 |          1 |          1 |       0 |    0 |     3 |      0 |      0 |          0 |
|           s00_b_node                                                                                  |                                              bd_4bb2_sbn_0 |          4 |          4 |       0 |    0 |     5 |      0 |      0 |          0 |
|             inst                                                                                      |                        sc_node_v1_0_17_top__parameterized6 |          4 |          4 |       0 |    0 |     5 |      0 |      0 |          0 |
|               (inst)                                                                                  |                        sc_node_v1_0_17_top__parameterized6 |          2 |          2 |       0 |    0 |     1 |      0 |      0 |          0 |
|               inst_mi_handler                                                                         |                 sc_node_v1_0_17_mi_handler__parameterized6 |          1 |          1 |       0 |    0 |     1 |      0 |      0 |          0 |
|               s_sc_xpm_cdc_async_rst_inst                                                             |                      xpm_cdc_async_rst__parameterized1__45 |          1 |          1 |       0 |    0 |     3 |      0 |      0 |          0 |
|           s00_r_node                                                                                  |                                              bd_4bb2_srn_0 |          5 |          5 |       0 |    0 |     5 |      0 |      0 |          0 |
|             inst                                                                                      |                        sc_node_v1_0_17_top__parameterized7 |          5 |          5 |       0 |    0 |     5 |      0 |      0 |          0 |
|               (inst)                                                                                  |                        sc_node_v1_0_17_top__parameterized7 |          3 |          3 |       0 |    0 |     1 |      0 |      0 |          0 |
|               inst_mi_handler                                                                         |                 sc_node_v1_0_17_mi_handler__parameterized7 |          1 |          1 |       0 |    0 |     1 |      0 |      0 |          0 |
|               s_sc_xpm_cdc_async_rst_inst                                                             |                      xpm_cdc_async_rst__parameterized1__43 |          1 |          1 |       0 |    0 |     3 |      0 |      0 |          0 |
|           s00_w_node                                                                                  |                                              bd_4bb2_swn_0 |          5 |          5 |       0 |    0 |     5 |      0 |      0 |          0 |
|             inst                                                                                      |                        sc_node_v1_0_17_top__parameterized8 |          5 |          5 |       0 |    0 |     5 |      0 |      0 |          0 |
|               (inst)                                                                                  |                        sc_node_v1_0_17_top__parameterized8 |          3 |          3 |       0 |    0 |     1 |      0 |      0 |          0 |
|               inst_mi_handler                                                                         |                 sc_node_v1_0_17_mi_handler__parameterized8 |          1 |          1 |       0 |    0 |     1 |      0 |      0 |          0 |
|               s_sc_xpm_cdc_async_rst_inst                                                             |                      xpm_cdc_async_rst__parameterized1__41 |          1 |          1 |       0 |    0 |     3 |      0 |      0 |          0 |
|         switchboards                                                                                  |                                   switchboards_imp_111DVOX |        265 |        265 |       0 |    0 |   227 |      0 |      0 |          0 |
|           ar_la_in_swbd                                                                               |                                           bd_4bb2_arinsw_0 |          0 |          0 |       0 |    0 |     0 |      0 |      0 |          0 |
|             inst                                                                                      |                                  sc_switchboard_v1_0_8_top |          0 |          0 |       0 |    0 |     0 |      0 |      0 |          0 |
|           ar_la_out_swbd                                                                              |                                          bd_4bb2_aroutsw_0 |          0 |          0 |       0 |    0 |     0 |      0 |      0 |          0 |
|             inst                                                                                      |                  sc_switchboard_v1_0_8_top__parameterized0 |          0 |          0 |       0 |    0 |     0 |      0 |      0 |          0 |
|           aw_la_in_swbd                                                                               |                                           bd_4bb2_awinsw_0 |          0 |          0 |       0 |    0 |     0 |      0 |      0 |          0 |
|             inst                                                                                      |                               sc_switchboard_v1_0_8_top__1 |          0 |          0 |       0 |    0 |     0 |      0 |      0 |          0 |
|           aw_la_out_swbd                                                                              |                                          bd_4bb2_awoutsw_0 |          0 |          0 |       0 |    0 |     0 |      0 |      0 |          0 |
|             inst                                                                                      |               sc_switchboard_v1_0_8_top__parameterized0__1 |          0 |          0 |       0 |    0 |     0 |      0 |      0 |          0 |
|           b_la_in_swbd                                                                                |                                            bd_4bb2_binsw_0 |          0 |          0 |       0 |    0 |     0 |      0 |      0 |          0 |
|             inst                                                                                      |                  sc_switchboard_v1_0_8_top__parameterized1 |          0 |          0 |       0 |    0 |     0 |      0 |      0 |          0 |
|           b_la_out_swbd                                                                               |                                           bd_4bb2_boutsw_0 |          4 |          4 |       0 |    0 |     0 |      0 |      0 |          0 |
|             inst                                                                                      |                  sc_switchboard_v1_0_8_top__parameterized2 |          4 |          4 |       0 |    0 |     0 |      0 |      0 |          0 |
|           i_nodes                                                                                     |                                         i_nodes_imp_I4U8W9 |        150 |        150 |       0 |    0 |   227 |      0 |      0 |          0 |
|             i_ar_node                                                                                 |                                             bd_4bb2_arni_0 |         16 |         16 |       0 |    0 |    28 |      0 |      0 |          0 |
|               inst                                                                                    |                        sc_node_v1_0_17_top__parameterized9 |         16 |         16 |       0 |    0 |    28 |      0 |      0 |          0 |
|                 (inst)                                                                                |                        sc_node_v1_0_17_top__parameterized9 |          3 |          3 |       0 |    0 |     1 |      0 |      0 |          0 |
|                 inst_mi_handler                                                                       |                 sc_node_v1_0_17_mi_handler__parameterized9 |         12 |         12 |       0 |    0 |    24 |      0 |      0 |          0 |
|                   (inst_mi_handler)                                                                   |                 sc_node_v1_0_17_mi_handler__parameterized9 |          0 |          0 |       0 |    0 |     2 |      0 |      0 |          0 |
|                   gen_normal_area.inst_fifo_node_payld                                                |                                   sc_node_v1_0_17_fifo_459 |         12 |         12 |       0 |    0 |    22 |      0 |      0 |          0 |
|                     gen_reg_fifo.inst_reg_fifo                                                        |                               sc_node_v1_0_17_reg_fifo_460 |         12 |         12 |       0 |    0 |    22 |      0 |      0 |          0 |
|                       (gen_reg_fifo.inst_reg_fifo)                                                    |                               sc_node_v1_0_17_reg_fifo_460 |          4 |          4 |       0 |    0 |    20 |      0 |      0 |          0 |
|                       gen_single_rank.inst_cntr                                                       |                 sc_util_v1_0_4_counter__parameterized0_461 |          8 |          8 |       0 |    0 |     2 |      0 |      0 |          0 |
|                 s_sc_xpm_cdc_async_rst_inst                                                           |                      xpm_cdc_async_rst__parameterized1__39 |          1 |          1 |       0 |    0 |     3 |      0 |      0 |          0 |
|             i_aw_node                                                                                 |                                             bd_4bb2_awni_0 |         16 |         16 |       0 |    0 |    28 |      0 |      0 |          0 |
|               inst                                                                                    |                       sc_node_v1_0_17_top__parameterized10 |         16 |         16 |       0 |    0 |    28 |      0 |      0 |          0 |
|                 (inst)                                                                                |                       sc_node_v1_0_17_top__parameterized10 |          3 |          3 |       0 |    0 |     1 |      0 |      0 |          0 |
|                 inst_mi_handler                                                                       |                sc_node_v1_0_17_mi_handler__parameterized10 |         12 |         12 |       0 |    0 |    24 |      0 |      0 |          0 |
|                   (inst_mi_handler)                                                                   |                sc_node_v1_0_17_mi_handler__parameterized10 |          0 |          0 |       0 |    0 |     2 |      0 |      0 |          0 |
|                   gen_normal_area.inst_fifo_node_payld                                                |                                       sc_node_v1_0_17_fifo |         12 |         12 |       0 |    0 |    22 |      0 |      0 |          0 |
|                     gen_reg_fifo.inst_reg_fifo                                                        |                                   sc_node_v1_0_17_reg_fifo |         12 |         12 |       0 |    0 |    22 |      0 |      0 |          0 |
|                       (gen_reg_fifo.inst_reg_fifo)                                                    |                                   sc_node_v1_0_17_reg_fifo |          4 |          4 |       0 |    0 |    20 |      0 |      0 |          0 |
|                       gen_single_rank.inst_cntr                                                       |                 sc_util_v1_0_4_counter__parameterized0_458 |          8 |          8 |       0 |    0 |     2 |      0 |      0 |          0 |
|                 s_sc_xpm_cdc_async_rst_inst                                                           |                      xpm_cdc_async_rst__parameterized1__37 |          1 |          1 |       0 |    0 |     3 |      0 |      0 |          0 |
|             i_b_node                                                                                  |                                              bd_4bb2_bni_0 |         52 |         52 |       0 |    0 |    44 |      0 |      0 |          0 |
|               inst                                                                                    |                       sc_node_v1_0_17_top__parameterized11 |         52 |         52 |       0 |    0 |    44 |      0 |      0 |          0 |
|                 (inst)                                                                                |                       sc_node_v1_0_17_top__parameterized11 |          3 |          3 |       0 |    0 |     1 |      0 |      0 |          0 |
|                 inst_mi_handler                                                                       |                sc_node_v1_0_17_mi_handler__parameterized11 |          6 |          6 |       0 |    0 |     9 |      0 |      0 |          0 |
|                   (inst_mi_handler)                                                                   |                sc_node_v1_0_17_mi_handler__parameterized11 |          0 |          0 |       0 |    0 |     2 |      0 |      0 |          0 |
|                   gen_normal_area.gen_fi_regulator.inst_fi_regulator                                  |                           sc_node_v1_0_17_fi_regulator_456 |          1 |          1 |       0 |    0 |     1 |      0 |      0 |          0 |
|                   gen_normal_area.inst_fifo_node_payld                                                |                       sc_node_v1_0_17_fifo__parameterized0 |          5 |          5 |       0 |    0 |     6 |      0 |      0 |          0 |
|                     gen_reg_fifo.inst_reg_fifo                                                        |                   sc_node_v1_0_17_reg_fifo__parameterized0 |          5 |          5 |       0 |    0 |     6 |      0 |      0 |          0 |
|                       (gen_reg_fifo.inst_reg_fifo)                                                    |                   sc_node_v1_0_17_reg_fifo__parameterized0 |          1 |          1 |       0 |    0 |     4 |      0 |      0 |          0 |
|                       gen_single_rank.inst_cntr                                                       |                 sc_util_v1_0_4_counter__parameterized0_457 |          4 |          4 |       0 |    0 |     2 |      0 |      0 |          0 |
|                 inst_si_handler                                                                       |                 sc_node_v1_0_17_si_handler__parameterized6 |         42 |         42 |       0 |    0 |    31 |      0 |      0 |          0 |
|                   (inst_si_handler)                                                                   |                 sc_node_v1_0_17_si_handler__parameterized6 |          0 |          0 |       0 |    0 |     1 |      0 |      0 |          0 |
|                   gen_si_handler.gen_arbiter_rr_minimal_area.inst_arbiter                             |                             sc_node_v1_0_17_arb_alg_rr_449 |         21 |         21 |       0 |    0 |    12 |      0 |      0 |          0 |
|                   gen_si_handler.gen_request_counters.gen_req_counter[0].inst_req_counter             |                 sc_util_v1_0_4_counter__parameterized1_450 |          5 |          5 |       0 |    0 |     3 |      0 |      0 |          0 |
|                   gen_si_handler.gen_request_counters.gen_req_counter[1].inst_req_counter             |                 sc_util_v1_0_4_counter__parameterized1_451 |          3 |          3 |       0 |    0 |     3 |      0 |      0 |          0 |
|                   gen_si_handler.gen_request_counters.gen_req_counter[2].inst_req_counter             |                 sc_util_v1_0_4_counter__parameterized1_452 |          3 |          3 |       0 |    0 |     3 |      0 |      0 |          0 |
|                   gen_si_handler.gen_request_counters.gen_req_counter[3].inst_req_counter             |                 sc_util_v1_0_4_counter__parameterized1_453 |          4 |          4 |       0 |    0 |     3 |      0 |      0 |          0 |
|                   gen_si_handler.gen_request_counters.gen_req_counter[4].inst_req_counter             |                 sc_util_v1_0_4_counter__parameterized1_454 |          5 |          5 |       0 |    0 |     3 |      0 |      0 |          0 |
|                   gen_si_handler.gen_request_counters.gen_req_counter[5].inst_req_counter             |                 sc_util_v1_0_4_counter__parameterized1_455 |          3 |          3 |       0 |    0 |     3 |      0 |      0 |          0 |
|                 s_sc_xpm_cdc_async_rst_inst                                                           |                      xpm_cdc_async_rst__parameterized1__35 |          1 |          1 |       0 |    0 |     3 |      0 |      0 |          0 |
|             i_r_node                                                                                  |                                              bd_4bb2_rni_0 |         51 |         51 |       0 |    0 |    75 |      0 |      0 |          0 |
|               inst                                                                                    |                       sc_node_v1_0_17_top__parameterized12 |         51 |         51 |       0 |    0 |    75 |      0 |      0 |          0 |
|                 (inst)                                                                                |                       sc_node_v1_0_17_top__parameterized12 |          3 |          3 |       0 |    0 |     1 |      0 |      0 |          0 |
|                 inst_mi_handler                                                                       |                sc_node_v1_0_17_mi_handler__parameterized12 |          5 |          5 |       0 |    0 |    40 |      0 |      0 |          0 |
|                   (inst_mi_handler)                                                                   |                sc_node_v1_0_17_mi_handler__parameterized12 |          0 |          0 |       0 |    0 |     2 |      0 |      0 |          0 |
|                   gen_normal_area.gen_fi_regulator.inst_fi_regulator                                  |                               sc_node_v1_0_17_fi_regulator |          1 |          1 |       0 |    0 |     1 |      0 |      0 |          0 |
|                   gen_normal_area.inst_fifo_node_payld                                                |                       sc_node_v1_0_17_fifo__parameterized1 |          4 |          4 |       0 |    0 |    37 |      0 |      0 |          0 |
|                     gen_reg_fifo.inst_reg_fifo                                                        |                   sc_node_v1_0_17_reg_fifo__parameterized1 |          4 |          4 |       0 |    0 |    37 |      0 |      0 |          0 |
|                       (gen_reg_fifo.inst_reg_fifo)                                                    |                   sc_node_v1_0_17_reg_fifo__parameterized1 |          0 |          0 |       0 |    0 |    35 |      0 |      0 |          0 |
|                       gen_single_rank.inst_cntr                                                       |                 sc_util_v1_0_4_counter__parameterized0_448 |          4 |          4 |       0 |    0 |     2 |      0 |      0 |          0 |
|                 inst_si_handler                                                                       |                 sc_node_v1_0_17_si_handler__parameterized7 |         42 |         42 |       0 |    0 |    31 |      0 |      0 |          0 |
|                   (inst_si_handler)                                                                   |                 sc_node_v1_0_17_si_handler__parameterized7 |          0 |          0 |       0 |    0 |     1 |      0 |      0 |          0 |
|                   gen_si_handler.gen_arbiter_rr_minimal_area.inst_arbiter                             |                                 sc_node_v1_0_17_arb_alg_rr |         21 |         21 |       0 |    0 |    12 |      0 |      0 |          0 |
|                   gen_si_handler.gen_request_counters.gen_req_counter[0].inst_req_counter             |                 sc_util_v1_0_4_counter__parameterized1_442 |          5 |          5 |       0 |    0 |     3 |      0 |      0 |          0 |
|                   gen_si_handler.gen_request_counters.gen_req_counter[1].inst_req_counter             |                 sc_util_v1_0_4_counter__parameterized1_443 |          3 |          3 |       0 |    0 |     3 |      0 |      0 |          0 |
|                   gen_si_handler.gen_request_counters.gen_req_counter[2].inst_req_counter             |                 sc_util_v1_0_4_counter__parameterized1_444 |          3 |          3 |       0 |    0 |     3 |      0 |      0 |          0 |
|                   gen_si_handler.gen_request_counters.gen_req_counter[3].inst_req_counter             |                 sc_util_v1_0_4_counter__parameterized1_445 |          4 |          4 |       0 |    0 |     3 |      0 |      0 |          0 |
|                   gen_si_handler.gen_request_counters.gen_req_counter[4].inst_req_counter             |                 sc_util_v1_0_4_counter__parameterized1_446 |          5 |          5 |       0 |    0 |     3 |      0 |      0 |          0 |
|                   gen_si_handler.gen_request_counters.gen_req_counter[5].inst_req_counter             |                 sc_util_v1_0_4_counter__parameterized1_447 |          3 |          3 |       0 |    0 |     3 |      0 |      0 |          0 |
|                 s_sc_xpm_cdc_async_rst_inst                                                           |                      xpm_cdc_async_rst__parameterized1__33 |          1 |          1 |       0 |    0 |     3 |      0 |      0 |          0 |
|             i_w_node                                                                                  |                                              bd_4bb2_wni_0 |         16 |         16 |       0 |    0 |    52 |      0 |      0 |          0 |
|               inst                                                                                    |                       sc_node_v1_0_17_top__parameterized13 |         16 |         16 |       0 |    0 |    52 |      0 |      0 |          0 |
|                 (inst)                                                                                |                       sc_node_v1_0_17_top__parameterized13 |          3 |          3 |       0 |    0 |     1 |      0 |      0 |          0 |
|                 inst_mi_handler                                                                       |                sc_node_v1_0_17_mi_handler__parameterized13 |         12 |         12 |       0 |    0 |    48 |      0 |      0 |          0 |
|                   (inst_mi_handler)                                                                   |                sc_node_v1_0_17_mi_handler__parameterized13 |          0 |          0 |       0 |    0 |     2 |      0 |      0 |          0 |
|                   gen_normal_area.inst_fifo_node_payld                                                |                       sc_node_v1_0_17_fifo__parameterized2 |         12 |         12 |       0 |    0 |    46 |      0 |      0 |          0 |
|                     gen_reg_fifo.inst_reg_fifo                                                        |                   sc_node_v1_0_17_reg_fifo__parameterized2 |         12 |         12 |       0 |    0 |    46 |      0 |      0 |          0 |
|                       (gen_reg_fifo.inst_reg_fifo)                                                    |                   sc_node_v1_0_17_reg_fifo__parameterized2 |          4 |          4 |       0 |    0 |    44 |      0 |      0 |          0 |
|                       gen_single_rank.inst_cntr                                                       |                     sc_util_v1_0_4_counter__parameterized0 |          8 |          8 |       0 |    0 |     2 |      0 |      0 |          0 |
|                 s_sc_xpm_cdc_async_rst_inst                                                           |                      xpm_cdc_async_rst__parameterized1__31 |          1 |          1 |       0 |    0 |     3 |      0 |      0 |          0 |
|           r_la_in_swbd                                                                                |                                            bd_4bb2_rinsw_0 |          0 |          0 |       0 |    0 |     0 |      0 |      0 |          0 |
|             inst                                                                                      |                  sc_switchboard_v1_0_8_top__parameterized3 |          0 |          0 |       0 |    0 |     0 |      0 |      0 |          0 |
|           r_la_out_swbd                                                                               |                                           bd_4bb2_routsw_0 |        111 |        111 |       0 |    0 |     0 |      0 |      0 |          0 |
|             inst                                                                                      |                  sc_switchboard_v1_0_8_top__parameterized4 |        111 |        111 |       0 |    0 |     0 |      0 |      0 |          0 |
|           w_la_in_swbd                                                                                |                                            bd_4bb2_winsw_0 |          0 |          0 |       0 |    0 |     0 |      0 |      0 |          0 |
|             inst                                                                                      |                  sc_switchboard_v1_0_8_top__parameterized5 |          0 |          0 |       0 |    0 |     0 |      0 |      0 |          0 |
|           w_la_out_swbd                                                                               |                                           bd_4bb2_woutsw_0 |          0 |          0 |       0 |    0 |     0 |      0 |      0 |          0 |
|             inst                                                                                      |                  sc_switchboard_v1_0_8_top__parameterized6 |          0 |          0 |       0 |    0 |     0 |      0 |      0 |          0 |
|     smartconnect_1                                                                                    |                                design_SoC_smartconnect_1_0 |       4008 |       3174 |     676 |  158 |  4960 |      0 |      0 |          0 |
|       inst                                                                                            |                                                    bd_8be3 |       4008 |       3174 |     676 |  158 |  4960 |      0 |      0 |          0 |
|         clk_map                                                                                       |                                        clk_map_imp_1V6PWUM |         13 |         12 |       0 |    1 |    22 |      0 |      0 |          0 |
|           psr_aclk                                                                                    |                                         bd_8be3_psr_aclk_0 |         13 |         12 |       0 |    1 |    22 |      0 |      0 |          0 |
|             U0                                                                                        |                             proc_sys_reset__parameterized2 |         13 |         12 |       0 |    1 |    22 |      0 |      0 |          0 |
|               (U0)                                                                                    |                             proc_sys_reset__parameterized2 |          0 |          0 |       0 |    0 |     1 |      0 |      0 |          0 |
|               EXT_LPF                                                                                 |                                        lpf__parameterized0 |          3 |          2 |       0 |    1 |     6 |      0 |      0 |          0 |
|                 (EXT_LPF)                                                                             |                                        lpf__parameterized0 |          2 |          1 |       0 |    1 |     2 |      0 |      0 |          0 |
|                 ACTIVE_LOW_AUX.ACT_LO_AUX                                                             |                                               cdc_sync_441 |          1 |          1 |       0 |    0 |     4 |      0 |      0 |          0 |
|               SEQ                                                                                     |                                           sequence_psr_439 |         10 |         10 |       0 |    0 |    15 |      0 |      0 |          0 |
|                 (SEQ)                                                                                 |                                           sequence_psr_439 |          5 |          5 |       0 |    0 |     9 |      0 |      0 |          0 |
|                 SEQ_COUNTER                                                                           |                         proc_sys_reset_v5_0_16_upcnt_n_440 |          5 |          5 |       0 |    0 |     6 |      0 |      0 |          0 |
|         m00_exit_pipeline                                                                             |                               m00_exit_pipeline_imp_2X9V85 |        648 |        623 |       0 |   25 |   978 |      0 |      0 |          0 |
|           m00_exit                                                                                    |                                             bd_8be3_m00e_0 |        648 |        623 |       0 |   25 |   978 |      0 |      0 |          0 |
|             inst                                                                                      |                        sc_exit_v1_0_16_top__parameterized4 |        648 |        623 |       0 |   25 |   978 |      0 |      0 |          0 |
|               (inst)                                                                                  |                        sc_exit_v1_0_16_top__parameterized4 |          1 |          1 |       0 |    0 |     2 |      0 |      0 |          0 |
|               ar_reg                                                                                  |           sc_util_v1_0_4_axi_reg_stall__parameterized0_406 |         30 |         30 |       0 |    0 |   102 |      0 |      0 |          0 |
|               aw_reg                                                                                  |           sc_util_v1_0_4_axi_reg_stall__parameterized0_407 |         30 |         30 |       0 |    0 |   102 |      0 |      0 |          0 |
|               b_reg                                                                                   |           sc_util_v1_0_4_axi_reg_stall__parameterized0_408 |          9 |          9 |       0 |    0 |     8 |      0 |      0 |          0 |
|               exit_inst                                                                               |                       sc_exit_v1_0_16_exit__parameterized4 |         73 |         55 |       0 |   18 |    35 |      0 |      0 |          0 |
|                 (exit_inst)                                                                           |                       sc_exit_v1_0_16_exit__parameterized4 |          2 |          2 |       0 |    0 |     1 |      0 |      0 |          0 |
|                 gen_r_cmd_fifo.r_cmd_fifo                                                             |           sc_util_v1_0_4_axic_reg_srl_fifo__parameterized2 |         52 |         37 |       0 |   15 |    23 |      0 |      0 |          0 |
|                   (gen_r_cmd_fifo.r_cmd_fifo)                                                         |           sc_util_v1_0_4_axic_reg_srl_fifo__parameterized2 |         22 |         22 |       0 |    0 |    23 |      0 |      0 |          0 |
|                   gen_srls[10].srl_nx1                                                                |                                 sc_util_v1_0_4_srl_rtl_424 |          2 |          1 |       0 |    1 |     0 |      0 |      0 |          0 |
|                   gen_srls[11].srl_nx1                                                                |                                 sc_util_v1_0_4_srl_rtl_425 |          2 |          1 |       0 |    1 |     0 |      0 |      0 |          0 |
|                   gen_srls[12].srl_nx1                                                                |                                 sc_util_v1_0_4_srl_rtl_426 |          2 |          1 |       0 |    1 |     0 |      0 |      0 |          0 |
|                   gen_srls[13].srl_nx1                                                                |                                 sc_util_v1_0_4_srl_rtl_427 |          2 |          1 |       0 |    1 |     0 |      0 |      0 |          0 |
|                   gen_srls[14].srl_nx1                                                                |                                 sc_util_v1_0_4_srl_rtl_428 |          2 |          1 |       0 |    1 |     0 |      0 |      0 |          0 |
|                   gen_srls[15].srl_nx1                                                                |                                 sc_util_v1_0_4_srl_rtl_429 |          2 |          1 |       0 |    1 |     0 |      0 |      0 |          0 |
|                   gen_srls[16].srl_nx1                                                                |                                 sc_util_v1_0_4_srl_rtl_430 |          2 |          1 |       0 |    1 |     0 |      0 |      0 |          0 |
|                   gen_srls[17].srl_nx1                                                                |                                 sc_util_v1_0_4_srl_rtl_431 |          3 |          2 |       0 |    1 |     0 |      0 |      0 |          0 |
|                   gen_srls[3].srl_nx1                                                                 |                                 sc_util_v1_0_4_srl_rtl_432 |          2 |          1 |       0 |    1 |     0 |      0 |      0 |          0 |
|                   gen_srls[4].srl_nx1                                                                 |                                 sc_util_v1_0_4_srl_rtl_433 |          2 |          1 |       0 |    1 |     0 |      0 |      0 |          0 |
|                   gen_srls[5].srl_nx1                                                                 |                                 sc_util_v1_0_4_srl_rtl_434 |          2 |          1 |       0 |    1 |     0 |      0 |      0 |          0 |
|                   gen_srls[6].srl_nx1                                                                 |                                 sc_util_v1_0_4_srl_rtl_435 |          2 |          1 |       0 |    1 |     0 |      0 |      0 |          0 |
|                   gen_srls[7].srl_nx1                                                                 |                                 sc_util_v1_0_4_srl_rtl_436 |          2 |          1 |       0 |    1 |     0 |      0 |      0 |          0 |
|                   gen_srls[8].srl_nx1                                                                 |                                 sc_util_v1_0_4_srl_rtl_437 |          2 |          1 |       0 |    1 |     0 |      0 |      0 |          0 |
|                   gen_srls[9].srl_nx1                                                                 |                                 sc_util_v1_0_4_srl_rtl_438 |          2 |          1 |       0 |    1 |     0 |      0 |      0 |          0 |
|                 gen_w_cmd_fifo.w_cmd_fifo                                                             |           sc_util_v1_0_4_axic_reg_srl_fifo__parameterized3 |         20 |         17 |       0 |    3 |    11 |      0 |      0 |          0 |
|                   (gen_w_cmd_fifo.w_cmd_fifo)                                                         |           sc_util_v1_0_4_axic_reg_srl_fifo__parameterized3 |         16 |         16 |       0 |    0 |    11 |      0 |      0 |          0 |
|                   gen_srls[1].srl_nx1                                                                 |                                 sc_util_v1_0_4_srl_rtl_421 |          1 |          0 |       0 |    1 |     0 |      0 |      0 |          0 |
|                   gen_srls[2].srl_nx1                                                                 |                                 sc_util_v1_0_4_srl_rtl_422 |          1 |          0 |       0 |    1 |     0 |      0 |      0 |          0 |
|                   gen_srls[3].srl_nx1                                                                 |                                 sc_util_v1_0_4_srl_rtl_423 |          2 |          1 |       0 |    1 |     0 |      0 |      0 |          0 |
|               r_reg                                                                                   |           sc_util_v1_0_4_axi_reg_stall__parameterized0_409 |         43 |         43 |       0 |    0 |   138 |      0 |      0 |          0 |
|               splitter_inst                                                                           |                   sc_exit_v1_0_16_splitter__parameterized4 |        421 |        414 |       0 |    7 |   438 |      0 |      0 |          0 |
|                 (splitter_inst)                                                                       |                   sc_exit_v1_0_16_splitter__parameterized4 |          0 |          0 |       0 |    0 |     1 |      0 |      0 |          0 |
|                 gen_axi3.splitter_inst                                                                |                                  sc_exit_v1_0_16_axi3_conv |        421 |        414 |       0 |    7 |   437 |      0 |      0 |          0 |
|                   (gen_axi3.splitter_inst)                                                            |                                  sc_exit_v1_0_16_axi3_conv |        102 |        102 |       0 |    0 |   140 |      0 |      0 |          0 |
|                   ar_cmd_reg                                                                          |           sc_util_v1_0_4_axi_reg_stall__parameterized0_411 |        130 |        130 |       0 |    0 |   140 |      0 |      0 |          0 |
|                   aw_cmd_reg                                                                          |           sc_util_v1_0_4_axi_reg_stall__parameterized0_412 |        117 |        117 |       0 |    0 |   126 |      0 |      0 |          0 |
|                   gen_rsplitter.gen_rthread_loop[0].r_split_fifo                                      |                           sc_util_v1_0_4_axic_reg_srl_fifo |         15 |         14 |       0 |    1 |     9 |      0 |      0 |          0 |
|                     (gen_rsplitter.gen_rthread_loop[0].r_split_fifo)                                  |                           sc_util_v1_0_4_axic_reg_srl_fifo |         12 |         12 |       0 |    0 |     9 |      0 |      0 |          0 |
|                     gen_srls[0].srl_nx1                                                               |                                 sc_util_v1_0_4_srl_rtl_420 |          4 |          3 |       0 |    1 |     0 |      0 |      0 |          0 |
|                   gen_wsplitter.gen_wthread_loop[0].b_split_fifo                                      |                       sc_util_v1_0_4_axic_reg_srl_fifo_413 |         21 |         20 |       0 |    1 |     9 |      0 |      0 |          0 |
|                     (gen_wsplitter.gen_wthread_loop[0].b_split_fifo)                                  |                       sc_util_v1_0_4_axic_reg_srl_fifo_413 |         15 |         15 |       0 |    0 |     9 |      0 |      0 |          0 |
|                     gen_srls[0].srl_nx1                                                               |                                 sc_util_v1_0_4_srl_rtl_419 |          6 |          5 |       0 |    1 |     0 |      0 |      0 |          0 |
|                   gen_wsplitter.w_split_fifo                                                          |           sc_util_v1_0_4_axic_reg_srl_fifo__parameterized0 |         38 |         33 |       0 |    5 |    13 |      0 |      0 |          0 |
|                     (gen_wsplitter.w_split_fifo)                                                      |           sc_util_v1_0_4_axic_reg_srl_fifo__parameterized0 |         27 |         27 |       0 |    0 |    13 |      0 |      0 |          0 |
|                     gen_srls[0].srl_nx1                                                               |                                 sc_util_v1_0_4_srl_rtl_414 |          3 |          2 |       0 |    1 |     0 |      0 |      0 |          0 |
|                     gen_srls[1].srl_nx1                                                               |                                 sc_util_v1_0_4_srl_rtl_415 |          2 |          1 |       0 |    1 |     0 |      0 |      0 |          0 |
|                     gen_srls[2].srl_nx1                                                               |                                 sc_util_v1_0_4_srl_rtl_416 |          2 |          1 |       0 |    1 |     0 |      0 |      0 |          0 |
|                     gen_srls[3].srl_nx1                                                               |                                 sc_util_v1_0_4_srl_rtl_417 |          2 |          1 |       0 |    1 |     0 |      0 |      0 |          0 |
|                     gen_srls[4].srl_nx1                                                               |                                 sc_util_v1_0_4_srl_rtl_418 |          3 |          2 |       0 |    1 |     0 |      0 |      0 |          0 |
|               w_reg                                                                                   |           sc_util_v1_0_4_axi_reg_stall__parameterized0_410 |         41 |         41 |       0 |    0 |   150 |      0 |      0 |          0 |
|               xpm_cdc_async_rst_inst                                                                  |                     xpm_cdc_async_rst__parameterized1__117 |          1 |          1 |       0 |    0 |     3 |      0 |      0 |          0 |
|         m00_nodes                                                                                     |                                       m00_nodes_imp_P6GBY1 |        662 |        424 |     236 |    2 |   618 |      0 |      0 |          0 |
|           m00_ar_node                                                                                 |                                           bd_8be3_m00arn_0 |        135 |         75 |      60 |    0 |   133 |      0 |      0 |          0 |
|             inst                                                                                      |                       sc_node_v1_0_17_top__parameterized14 |        135 |         75 |      60 |    0 |   133 |      0 |      0 |          0 |
|               (inst)                                                                                  |                       sc_node_v1_0_17_top__parameterized14 |          3 |          3 |       0 |    0 |     1 |      0 |      0 |          0 |
|               inst_mi_handler                                                                         |                sc_node_v1_0_17_mi_handler__parameterized14 |        118 |         58 |      60 |    0 |   118 |      0 |      0 |          0 |
|                 (inst_mi_handler)                                                                     |                sc_node_v1_0_17_mi_handler__parameterized14 |          0 |          0 |       0 |    0 |     2 |      0 |      0 |          0 |
|                 gen_normal_area.gen_node_prog_full.inst_node_prog_full                                |            sc_node_v1_0_17_fifo__parameterized3__xdcDup__1 |         33 |         33 |       0 |    0 |    21 |      0 |      0 |          0 |
|                   gen_xpm_memory_fifo.inst_fifo                                                       |                  sc_util_v1_0_4_xpm_memory_fifo__xdcDup__1 |         33 |         33 |       0 |    0 |    21 |      0 |      0 |          0 |
|                     (gen_xpm_memory_fifo.inst_fifo)                                                   |                  sc_util_v1_0_4_xpm_memory_fifo__xdcDup__1 |          5 |          5 |       0 |    0 |     3 |      0 |      0 |          0 |
|                     gen_mem_rep[0].inst_rd_addrb                                                      |                 sc_util_v1_0_4_counter__parameterized2_403 |          6 |          6 |       0 |    0 |     6 |      0 |      0 |          0 |
|                     gen_mem_rep[0].inst_wr_addra                                                      |                 sc_util_v1_0_4_counter__parameterized2_404 |          4 |          4 |       0 |    0 |     6 |      0 |      0 |          0 |
|                     gen_wr.inst_wr_addra_p1                                                           |                 sc_util_v1_0_4_counter__parameterized3_405 |         18 |         18 |       0 |    0 |     6 |      0 |      0 |          0 |
|                 gen_normal_area.inst_fifo_node_payld                                                  |            sc_node_v1_0_17_fifo__parameterized4__xdcDup__1 |         86 |         26 |      60 |    0 |    93 |      0 |      0 |          0 |
|                   gen_xpm_memory_fifo.inst_fifo                                                       |  sc_util_v1_0_4_xpm_memory_fifo__parameterized0__xdcDup__1 |         86 |         26 |      60 |    0 |    93 |      0 |      0 |          0 |
|                     (gen_xpm_memory_fifo.inst_fifo)                                                   |  sc_util_v1_0_4_xpm_memory_fifo__parameterized0__xdcDup__1 |          4 |          4 |       0 |    0 |     3 |      0 |      0 |          0 |
|                     gen_mem_rep[0].inst_rd_addrb                                                      |                 sc_util_v1_0_4_counter__parameterized2_400 |          6 |          6 |       0 |    0 |     6 |      0 |      0 |          0 |
|                     gen_mem_rep[0].inst_wr_addra                                                      |                 sc_util_v1_0_4_counter__parameterized2_401 |          4 |          4 |       0 |    0 |     6 |      0 |      0 |          0 |
|                     gen_mem_rep[0].inst_xpm_memory                                                    |                          xpm_memory_sdpram__parameterized7 |         60 |          0 |      60 |    0 |    72 |      0 |      0 |          0 |
|                       xpm_memory_base_inst                                                            |                           xpm_memory_base__parameterized14 |         60 |          0 |      60 |    0 |    72 |      0 |      0 |          0 |
|                     gen_wr.inst_wr_addra_p1                                                           |                 sc_util_v1_0_4_counter__parameterized3_402 |         13 |         13 |       0 |    0 |     6 |      0 |      0 |          0 |
|                 inst_ingress                                                                          |                    sc_node_v1_0_17_ingress__parameterized9 |          0 |          0 |       0 |    0 |     2 |      0 |      0 |          0 |
|                   inst_pipeline_recv                                                                  |               sc_util_v1_0_4_pipeline__parameterized14_398 |          0 |          0 |       0 |    0 |     1 |      0 |      0 |          0 |
|                   inst_pipeline_valid                                                                 |                sc_util_v1_0_4_pipeline__parameterized6_399 |          0 |          0 |       0 |    0 |     1 |      0 |      0 |          0 |
|               inst_si_handler                                                                         |                 sc_node_v1_0_17_si_handler__parameterized9 |         13 |         13 |       0 |    0 |    11 |      0 |      0 |          0 |
|                 (inst_si_handler)                                                                     |                 sc_node_v1_0_17_si_handler__parameterized9 |          0 |          0 |       0 |    0 |     1 |      0 |      0 |          0 |
|                 gen_si_handler.gen_arbiter_rr_normal_area.inst_arbiter                                |             sc_node_v1_0_17_arb_alg_rr__parameterized0_395 |          9 |          9 |       0 |    0 |     4 |      0 |      0 |          0 |
|                 gen_si_handler.gen_request_counters.gen_req_counter[0].inst_req_counter               |                 sc_util_v1_0_4_counter__parameterized1_396 |          2 |          2 |       0 |    0 |     3 |      0 |      0 |          0 |
|                 gen_si_handler.gen_request_counters.gen_req_counter[3].inst_req_counter               |                 sc_util_v1_0_4_counter__parameterized1_397 |          2 |          2 |       0 |    0 |     3 |      0 |      0 |          0 |
|               s_sc_xpm_cdc_async_rst_inst                                                             |                     xpm_cdc_async_rst__parameterized1__158 |          1 |          1 |       0 |    0 |     3 |      0 |      0 |          0 |
|           m00_aw_node                                                                                 |                                           bd_8be3_m00awn_0 |        151 |         97 |      52 |    2 |   138 |      0 |      0 |          0 |
|             inst                                                                                      |                       sc_node_v1_0_17_top__parameterized15 |        151 |         97 |      52 |    2 |   138 |      0 |      0 |          0 |
|               (inst)                                                                                  |                       sc_node_v1_0_17_top__parameterized15 |          2 |          2 |       0 |    0 |     1 |      0 |      0 |          0 |
|               inst_mi_handler                                                                         |                sc_node_v1_0_17_mi_handler__parameterized15 |        113 |         61 |      52 |    0 |   112 |      0 |      0 |          0 |
|                 (inst_mi_handler)                                                                     |                sc_node_v1_0_17_mi_handler__parameterized15 |          0 |          0 |       0 |    0 |     2 |      0 |      0 |          0 |
|                 gen_normal_area.gen_node_prog_full.inst_node_prog_full                                |            sc_node_v1_0_17_fifo__parameterized3__xdcDup__2 |         34 |         34 |       0 |    0 |    21 |      0 |      0 |          0 |
|                   gen_xpm_memory_fifo.inst_fifo                                                       |                  sc_util_v1_0_4_xpm_memory_fifo__xdcDup__2 |         34 |         34 |       0 |    0 |    21 |      0 |      0 |          0 |
|                     (gen_xpm_memory_fifo.inst_fifo)                                                   |                  sc_util_v1_0_4_xpm_memory_fifo__xdcDup__2 |          6 |          6 |       0 |    0 |     3 |      0 |      0 |          0 |
|                     gen_mem_rep[0].inst_rd_addrb                                                      |                 sc_util_v1_0_4_counter__parameterized2_392 |          6 |          6 |       0 |    0 |     6 |      0 |      0 |          0 |
|                     gen_mem_rep[0].inst_wr_addra                                                      |                 sc_util_v1_0_4_counter__parameterized2_393 |          4 |          4 |       0 |    0 |     6 |      0 |      0 |          0 |
|                     gen_wr.inst_wr_addra_p1                                                           |                 sc_util_v1_0_4_counter__parameterized3_394 |         18 |         18 |       0 |    0 |     6 |      0 |      0 |          0 |
|                 gen_normal_area.inst_fifo_node_payld                                                  |                       sc_node_v1_0_17_fifo__parameterized4 |         79 |         27 |      52 |    0 |    86 |      0 |      0 |          0 |
|                   gen_xpm_memory_fifo.inst_fifo                                                       |             sc_util_v1_0_4_xpm_memory_fifo__parameterized0 |         79 |         27 |      52 |    0 |    86 |      0 |      0 |          0 |
|                     (gen_xpm_memory_fifo.inst_fifo)                                                   |             sc_util_v1_0_4_xpm_memory_fifo__parameterized0 |          4 |          4 |       0 |    0 |     3 |      0 |      0 |          0 |
|                     gen_mem_rep[0].inst_rd_addrb                                                      |                 sc_util_v1_0_4_counter__parameterized2_389 |          6 |          6 |       0 |    0 |     6 |      0 |      0 |          0 |
|                     gen_mem_rep[0].inst_wr_addra                                                      |                 sc_util_v1_0_4_counter__parameterized2_390 |          4 |          4 |       0 |    0 |     6 |      0 |      0 |          0 |
|                     gen_mem_rep[0].inst_xpm_memory                                                    |                       xpm_memory_sdpram__parameterized7__2 |         52 |          0 |      52 |    0 |    65 |      0 |      0 |          0 |
|                       xpm_memory_base_inst                                                            |                        xpm_memory_base__parameterized14__2 |         52 |          0 |      52 |    0 |    65 |      0 |      0 |          0 |
|                     gen_wr.inst_wr_addra_p1                                                           |                 sc_util_v1_0_4_counter__parameterized3_391 |         13 |         13 |       0 |    0 |     6 |      0 |      0 |          0 |
|                 inst_ingress                                                                          |                   sc_node_v1_0_17_ingress__parameterized10 |          0 |          0 |       0 |    0 |     3 |      0 |      0 |          0 |
|                   inst_pipeline_recv                                                                  |                   sc_util_v1_0_4_pipeline__parameterized14 |          0 |          0 |       0 |    0 |     2 |      0 |      0 |          0 |
|                   inst_pipeline_valid                                                                 |                sc_util_v1_0_4_pipeline__parameterized6_388 |          0 |          0 |       0 |    0 |     1 |      0 |      0 |          0 |
|               inst_si_handler                                                                         |                sc_node_v1_0_17_si_handler__parameterized10 |         35 |         33 |       0 |    2 |    22 |      0 |      0 |          0 |
|                 (inst_si_handler)                                                                     |                sc_node_v1_0_17_si_handler__parameterized10 |          0 |          0 |       0 |    0 |     1 |      0 |      0 |          0 |
|                 gen_m_axis_arb_fifo.inst_axis_arb_fifo                                                |       sc_util_v1_0_4_axic_reg_srl_fifo__parameterized4_384 |         18 |         16 |       0 |    2 |    10 |      0 |      0 |          0 |
|                   (gen_m_axis_arb_fifo.inst_axis_arb_fifo)                                            |       sc_util_v1_0_4_axic_reg_srl_fifo__parameterized4_384 |         15 |         15 |       0 |    0 |    10 |      0 |      0 |          0 |
|                   gen_srls[1].srl_nx1                                                                 |                                 sc_util_v1_0_4_srl_rtl_386 |          1 |          0 |       0 |    1 |     0 |      0 |      0 |          0 |
|                   gen_srls[2].srl_nx1                                                                 |                                 sc_util_v1_0_4_srl_rtl_387 |          2 |          1 |       0 |    1 |     0 |      0 |      0 |          0 |
|                 gen_si_handler.gen_arbiter_rr_normal_area.inst_arbiter                                |                 sc_node_v1_0_17_arb_alg_rr__parameterized0 |         11 |         11 |       0 |    0 |     5 |      0 |      0 |          0 |
|                 gen_si_handler.gen_request_counters.gen_req_counter[1].inst_req_counter               |                     sc_util_v1_0_4_counter__parameterized1 |          3 |          3 |       0 |    0 |     3 |      0 |      0 |          0 |
|                 gen_si_handler.gen_request_counters.gen_req_counter[2].inst_req_counter               |                 sc_util_v1_0_4_counter__parameterized1_385 |          3 |          3 |       0 |    0 |     3 |      0 |      0 |          0 |
|               s_sc_xpm_cdc_async_rst_inst                                                             |                     xpm_cdc_async_rst__parameterized1__156 |          1 |          1 |       0 |    0 |     3 |      0 |      0 |          0 |
|           m00_b_node                                                                                  |                                            bd_8be3_m00bn_0 |         88 |         80 |       8 |    0 |    67 |      0 |      0 |          0 |
|             inst                                                                                      |                       sc_node_v1_0_17_top__parameterized16 |         88 |         80 |       8 |    0 |    67 |      0 |      0 |          0 |
|               (inst)                                                                                  |                       sc_node_v1_0_17_top__parameterized16 |          3 |          3 |       0 |    0 |     1 |      0 |      0 |          0 |
|               inst_mi_handler                                                                         |                sc_node_v1_0_17_mi_handler__parameterized16 |         84 |         76 |       8 |    0 |    62 |      0 |      0 |          0 |
|                 (inst_mi_handler)                                                                     |                sc_node_v1_0_17_mi_handler__parameterized16 |          0 |          0 |       0 |    0 |     2 |      0 |      0 |          0 |
|                 gen_normal_area.gen_fifo_req.inst_fifo_req                                            |            sc_node_v1_0_17_fifo__parameterized5__xdcDup__1 |         32 |         28 |       4 |    0 |    23 |      0 |      0 |          0 |
|                   gen_xpm_memory_fifo.inst_fifo                                                       |  sc_util_v1_0_4_xpm_memory_fifo__parameterized1__xdcDup__1 |         32 |         28 |       4 |    0 |    23 |      0 |      0 |          0 |
|                     (gen_xpm_memory_fifo.inst_fifo)                                                   |  sc_util_v1_0_4_xpm_memory_fifo__parameterized1__xdcDup__1 |          4 |          4 |       0 |    0 |     3 |      0 |      0 |          0 |
|                     gen_mem_rep[0].inst_rd_addrb                                                      |                 sc_util_v1_0_4_counter__parameterized2_381 |          6 |          6 |       0 |    0 |     6 |      0 |      0 |          0 |
|                     gen_mem_rep[0].inst_wr_addra                                                      |                 sc_util_v1_0_4_counter__parameterized2_382 |          5 |          5 |       0 |    0 |     6 |      0 |      0 |          0 |
|                     gen_mem_rep[0].inst_xpm_memory                                                    |                          xpm_memory_sdpram__parameterized8 |          4 |          0 |       4 |    0 |     2 |      0 |      0 |          0 |
|                       xpm_memory_base_inst                                                            |                           xpm_memory_base__parameterized15 |          4 |          0 |       4 |    0 |     2 |      0 |      0 |          0 |
|                     gen_wr.inst_wr_addra_p1                                                           |                 sc_util_v1_0_4_counter__parameterized3_383 |         14 |         14 |       0 |    0 |     6 |      0 |      0 |          0 |
|                 gen_normal_area.inst_fifo_node_payld                                                  |                       sc_node_v1_0_17_fifo__parameterized6 |         40 |         36 |       4 |    0 |    26 |      0 |      0 |          0 |
|                   gen_xpm_memory_fifo.inst_fifo                                                       |             sc_util_v1_0_4_xpm_memory_fifo__parameterized2 |         40 |         36 |       4 |    0 |    26 |      0 |      0 |          0 |
|                     (gen_xpm_memory_fifo.inst_fifo)                                                   |             sc_util_v1_0_4_xpm_memory_fifo__parameterized2 |          4 |          4 |       0 |    0 |     4 |      0 |      0 |          0 |
|                     gen_mem_rep[0].inst_rd_addrb                                                      |                 sc_util_v1_0_4_counter__parameterized2_378 |          4 |          4 |       0 |    0 |     6 |      0 |      0 |          0 |
|                     gen_mem_rep[0].inst_wr_addra                                                      |                 sc_util_v1_0_4_counter__parameterized2_379 |          5 |          5 |       0 |    0 |     6 |      0 |      0 |          0 |
|                     gen_mem_rep[0].inst_xpm_memory                                                    |                          xpm_memory_sdpram__parameterized9 |          4 |          0 |       4 |    0 |     4 |      0 |      0 |          0 |
|                       xpm_memory_base_inst                                                            |                           xpm_memory_base__parameterized16 |          4 |          0 |       4 |    0 |     4 |      0 |      0 |          0 |
|                     gen_wr.inst_wr_addra_p1                                                           |                 sc_util_v1_0_4_counter__parameterized3_380 |         23 |         23 |       0 |    0 |     6 |      0 |      0 |          0 |
|                 gen_normal_area.inst_fifo_send                                                        |             sc_node_v1_0_17_reg_slice3__parameterized1_377 |         12 |         12 |       0 |    0 |    11 |      0 |      0 |          0 |
|               inst_si_handler                                                                         |            sc_node_v1_0_17_si_handler__parameterized11_376 |          1 |          1 |       0 |    0 |     1 |      0 |      0 |          0 |
|               s_sc_xpm_cdc_async_rst_inst                                                             |                     xpm_cdc_async_rst__parameterized1__154 |          1 |          1 |       0 |    0 |     3 |      0 |      0 |          0 |
|           m00_r_node                                                                                  |                                            bd_8be3_m00rn_0 |        141 |         81 |      60 |    0 |   135 |      0 |      0 |          0 |
|             inst                                                                                      |                       sc_node_v1_0_17_top__parameterized17 |        141 |         81 |      60 |    0 |   135 |      0 |      0 |          0 |
|               (inst)                                                                                  |                       sc_node_v1_0_17_top__parameterized17 |          3 |          3 |       0 |    0 |     1 |      0 |      0 |          0 |
|               inst_mi_handler                                                                         |                sc_node_v1_0_17_mi_handler__parameterized17 |        136 |         76 |      60 |    0 |   130 |      0 |      0 |          0 |
|                 (inst_mi_handler)                                                                     |                sc_node_v1_0_17_mi_handler__parameterized17 |          0 |          0 |       0 |    0 |     2 |      0 |      0 |          0 |
|                 gen_normal_area.gen_fifo_req.inst_fifo_req                                            |                       sc_node_v1_0_17_fifo__parameterized5 |         32 |         28 |       4 |    0 |    23 |      0 |      0 |          0 |
|                   gen_xpm_memory_fifo.inst_fifo                                                       |             sc_util_v1_0_4_xpm_memory_fifo__parameterized1 |         32 |         28 |       4 |    0 |    23 |      0 |      0 |          0 |
|                     (gen_xpm_memory_fifo.inst_fifo)                                                   |             sc_util_v1_0_4_xpm_memory_fifo__parameterized1 |          4 |          4 |       0 |    0 |     3 |      0 |      0 |          0 |
|                     gen_mem_rep[0].inst_rd_addrb                                                      |                 sc_util_v1_0_4_counter__parameterized2_373 |          6 |          6 |       0 |    0 |     6 |      0 |      0 |          0 |
|                     gen_mem_rep[0].inst_wr_addra                                                      |                 sc_util_v1_0_4_counter__parameterized2_374 |          5 |          5 |       0 |    0 |     6 |      0 |      0 |          0 |
|                     gen_mem_rep[0].inst_xpm_memory                                                    |                       xpm_memory_sdpram__parameterized8__2 |          4 |          0 |       4 |    0 |     2 |      0 |      0 |          0 |
|                       xpm_memory_base_inst                                                            |                        xpm_memory_base__parameterized15__2 |          4 |          0 |       4 |    0 |     2 |      0 |      0 |          0 |
|                     gen_wr.inst_wr_addra_p1                                                           |                 sc_util_v1_0_4_counter__parameterized3_375 |         14 |         14 |       0 |    0 |     6 |      0 |      0 |          0 |
|                 gen_normal_area.inst_fifo_node_payld                                                  |                       sc_node_v1_0_17_fifo__parameterized7 |         92 |         36 |      56 |    0 |    94 |      0 |      0 |          0 |
|                   gen_xpm_memory_fifo.inst_fifo                                                       |             sc_util_v1_0_4_xpm_memory_fifo__parameterized3 |         92 |         36 |      56 |    0 |    94 |      0 |      0 |          0 |
|                     (gen_xpm_memory_fifo.inst_fifo)                                                   |             sc_util_v1_0_4_xpm_memory_fifo__parameterized3 |          4 |          4 |       0 |    0 |     4 |      0 |      0 |          0 |
|                     gen_mem_rep[0].inst_rd_addrb                                                      |                 sc_util_v1_0_4_counter__parameterized2_370 |          4 |          4 |       0 |    0 |     6 |      0 |      0 |          0 |
|                     gen_mem_rep[0].inst_wr_addra                                                      |                 sc_util_v1_0_4_counter__parameterized2_371 |          5 |          5 |       0 |    0 |     6 |      0 |      0 |          0 |
|                     gen_mem_rep[0].inst_xpm_memory                                                    |                         xpm_memory_sdpram__parameterized10 |         56 |          0 |      56 |    0 |    72 |      0 |      0 |          0 |
|                       xpm_memory_base_inst                                                            |                           xpm_memory_base__parameterized17 |         56 |          0 |      56 |    0 |    72 |      0 |      0 |          0 |
|                     gen_wr.inst_wr_addra_p1                                                           |                 sc_util_v1_0_4_counter__parameterized3_372 |         23 |         23 |       0 |    0 |     6 |      0 |      0 |          0 |
|                 gen_normal_area.inst_fifo_send                                                        |                 sc_node_v1_0_17_reg_slice3__parameterized1 |         12 |         12 |       0 |    0 |    11 |      0 |      0 |          0 |
|               inst_si_handler                                                                         |            sc_node_v1_0_17_si_handler__parameterized12_369 |          1 |          1 |       0 |    0 |     1 |      0 |      0 |          0 |
|               s_sc_xpm_cdc_async_rst_inst                                                             |                     xpm_cdc_async_rst__parameterized1__152 |          1 |          1 |       0 |    0 |     3 |      0 |      0 |          0 |
|           m00_w_node                                                                                  |                                            bd_8be3_m00wn_0 |        147 |         91 |      56 |    0 |   145 |      0 |      0 |          0 |
|             inst                                                                                      |                       sc_node_v1_0_17_top__parameterized18 |        147 |         91 |      56 |    0 |   145 |      0 |      0 |          0 |
|               (inst)                                                                                  |                       sc_node_v1_0_17_top__parameterized18 |          3 |          3 |       0 |    0 |     1 |      0 |      0 |          0 |
|               inst_mi_handler                                                                         |                sc_node_v1_0_17_mi_handler__parameterized18 |        114 |         62 |      52 |    0 |   117 |      0 |      0 |          0 |
|                 (inst_mi_handler)                                                                     |                sc_node_v1_0_17_mi_handler__parameterized18 |          0 |          0 |       0 |    0 |     2 |      0 |      0 |          0 |
|                 gen_normal_area.gen_node_prog_full.inst_node_prog_full                                |            sc_node_v1_0_17_fifo__parameterized3__xdcDup__3 |         36 |         36 |       0 |    0 |    21 |      0 |      0 |          0 |
|                   gen_xpm_memory_fifo.inst_fifo                                                       |                  sc_util_v1_0_4_xpm_memory_fifo__xdcDup__3 |         36 |         36 |       0 |    0 |    21 |      0 |      0 |          0 |
|                     (gen_xpm_memory_fifo.inst_fifo)                                                   |                  sc_util_v1_0_4_xpm_memory_fifo__xdcDup__3 |          8 |          8 |       0 |    0 |     3 |      0 |      0 |          0 |
|                     gen_mem_rep[0].inst_rd_addrb                                                      |                 sc_util_v1_0_4_counter__parameterized2_366 |          6 |          6 |       0 |    0 |     6 |      0 |      0 |          0 |
|                     gen_mem_rep[0].inst_wr_addra                                                      |                 sc_util_v1_0_4_counter__parameterized2_367 |          4 |          4 |       0 |    0 |     6 |      0 |      0 |          0 |
|                     gen_wr.inst_wr_addra_p1                                                           |                 sc_util_v1_0_4_counter__parameterized3_368 |         19 |         19 |       0 |    0 |     6 |      0 |      0 |          0 |
|                 gen_normal_area.inst_fifo_node_payld                                                  |                       sc_node_v1_0_17_fifo__parameterized9 |         78 |         26 |      52 |    0 |    93 |      0 |      0 |          0 |
|                   gen_xpm_memory_fifo.inst_fifo                                                       |             sc_util_v1_0_4_xpm_memory_fifo__parameterized5 |         78 |         26 |      52 |    0 |    93 |      0 |      0 |          0 |
|                     (gen_xpm_memory_fifo.inst_fifo)                                                   |             sc_util_v1_0_4_xpm_memory_fifo__parameterized5 |          4 |          4 |       0 |    0 |     3 |      0 |      0 |          0 |
|                     gen_mem_rep[0].inst_rd_addrb                                                      |                 sc_util_v1_0_4_counter__parameterized2_363 |          6 |          6 |       0 |    0 |     6 |      0 |      0 |          0 |
|                     gen_mem_rep[0].inst_wr_addra                                                      |                 sc_util_v1_0_4_counter__parameterized2_364 |          4 |          4 |       0 |    0 |     6 |      0 |      0 |          0 |
|                     gen_mem_rep[0].inst_xpm_memory                                                    |                         xpm_memory_sdpram__parameterized12 |         52 |          0 |      52 |    0 |    72 |      0 |      0 |          0 |
|                       xpm_memory_base_inst                                                            |                           xpm_memory_base__parameterized19 |         52 |          0 |      52 |    0 |    72 |      0 |      0 |          0 |
|                     gen_wr.inst_wr_addra_p1                                                           |                 sc_util_v1_0_4_counter__parameterized3_365 |         13 |         13 |       0 |    0 |     6 |      0 |      0 |          0 |
|                 inst_ingress                                                                          |                   sc_node_v1_0_17_ingress__parameterized13 |          0 |          0 |       0 |    0 |     1 |      0 |      0 |          0 |
|                   inst_pipeline_valid                                                                 |                sc_util_v1_0_4_pipeline__parameterized6_362 |          0 |          0 |       0 |    0 |     1 |      0 |      0 |          0 |
|               inst_si_handler                                                                         |                sc_node_v1_0_17_si_handler__parameterized13 |         29 |         25 |       4 |    0 |    24 |      0 |      0 |          0 |
|                 (inst_si_handler)                                                                     |                sc_node_v1_0_17_si_handler__parameterized13 |          0 |          0 |       0 |    0 |     1 |      0 |      0 |          0 |
|                 gen_si_handler.gen_axis_packet_slave_normal_area.inst_allow_transfer_late             |                sc_util_v1_0_4_pipeline__parameterized6_357 |          5 |          5 |       0 |    0 |     1 |      0 |      0 |          0 |
|                 gen_si_handler.gen_request_fifos.gen_req_fifo[1].inst_req_fifo                        |            sc_node_v1_0_17_fifo__parameterized8__xdcDup__2 |         13 |         11 |       2 |    0 |    11 |      0 |      0 |          0 |
|                   gen_xpm_memory_fifo.inst_fifo                                                       |  sc_util_v1_0_4_xpm_memory_fifo__parameterized4__xdcDup__2 |         13 |         11 |       2 |    0 |    11 |      0 |      0 |          0 |
|                     (gen_xpm_memory_fifo.inst_fifo)                                                   |  sc_util_v1_0_4_xpm_memory_fifo__parameterized4__xdcDup__2 |          2 |          2 |       0 |    0 |     2 |      0 |      0 |          0 |
|                     gen_mem_rep[0].inst_rd_addrb                                                      |                 sc_util_v1_0_4_counter__parameterized4_359 |          2 |          2 |       0 |    0 |     3 |      0 |      0 |          0 |
|                     gen_mem_rep[0].inst_wr_addra                                                      |                 sc_util_v1_0_4_counter__parameterized4_360 |          2 |          2 |       0 |    0 |     3 |      0 |      0 |          0 |
|                     gen_mem_rep[0].inst_xpm_memory                                                    |                      xpm_memory_sdpram__parameterized11__6 |          2 |          0 |       2 |    0 |     0 |      0 |      0 |          0 |
|                       xpm_memory_base_inst                                                            |                        xpm_memory_base__parameterized18__6 |          2 |          0 |       2 |    0 |     0 |      0 |      0 |          0 |
|                     gen_wr.inst_wr_addra_p1                                                           |                 sc_util_v1_0_4_counter__parameterized5_361 |          5 |          5 |       0 |    0 |     3 |      0 |      0 |          0 |
|                 gen_si_handler.gen_request_fifos.gen_req_fifo[2].inst_req_fifo                        |            sc_node_v1_0_17_fifo__parameterized8__xdcDup__3 |         13 |         11 |       2 |    0 |    11 |      0 |      0 |          0 |
|                   gen_xpm_memory_fifo.inst_fifo                                                       |  sc_util_v1_0_4_xpm_memory_fifo__parameterized4__xdcDup__3 |         13 |         11 |       2 |    0 |    11 |      0 |      0 |          0 |
|                     (gen_xpm_memory_fifo.inst_fifo)                                                   |  sc_util_v1_0_4_xpm_memory_fifo__parameterized4__xdcDup__3 |          2 |          2 |       0 |    0 |     2 |      0 |      0 |          0 |
|                     gen_mem_rep[0].inst_rd_addrb                                                      |                     sc_util_v1_0_4_counter__parameterized4 |          2 |          2 |       0 |    0 |     3 |      0 |      0 |          0 |
|                     gen_mem_rep[0].inst_wr_addra                                                      |                 sc_util_v1_0_4_counter__parameterized4_358 |          2 |          2 |       0 |    0 |     3 |      0 |      0 |          0 |
|                     gen_mem_rep[0].inst_xpm_memory                                                    |                      xpm_memory_sdpram__parameterized11__5 |          2 |          0 |       2 |    0 |     0 |      0 |      0 |          0 |
|                       xpm_memory_base_inst                                                            |                        xpm_memory_base__parameterized18__5 |          2 |          0 |       2 |    0 |     0 |      0 |      0 |          0 |
|                     gen_wr.inst_wr_addra_p1                                                           |                     sc_util_v1_0_4_counter__parameterized5 |          5 |          5 |       0 |    0 |     3 |      0 |      0 |          0 |
|               s_sc_xpm_cdc_async_rst_inst                                                             |                     xpm_cdc_async_rst__parameterized1__150 |          1 |          1 |       0 |    0 |     3 |      0 |      0 |          0 |
|         m00_sc2axi                                                                                    |                                           bd_8be3_m00s2a_0 |          0 |          0 |       0 |    0 |     0 |      0 |      0 |          0 |
|           inst                                                                                        |                      sc_sc2axi_v1_0_10_top__parameterized4 |          0 |          0 |       0 |    0 |     0 |      0 |      0 |          0 |
|         s00_axi2sc                                                                                    |                                           bd_8be3_s00a2s_0 |          0 |          0 |       0 |    0 |     0 |      0 |      0 |          0 |
|           inst                                                                                        |                      sc_axi2sc_v1_0_10_top__parameterized0 |          0 |          0 |       0 |    0 |     0 |      0 |      0 |          0 |
|         s00_entry_pipeline                                                                            |                             s00_entry_pipeline_imp_126UN9Y |        160 |        160 |       0 |    0 |   260 |      0 |      0 |          0 |
|           s00_mmu                                                                                     |                                           bd_8be3_s00mmu_0 |        150 |        150 |       0 |    0 |   256 |      0 |      0 |          0 |
|             inst                                                                                      |                         sc_mmu_v1_0_14_top__parameterized0 |        150 |        150 |       0 |    0 |   256 |      0 |      0 |          0 |
|               (inst)                                                                                  |                         sc_mmu_v1_0_14_top__parameterized0 |          3 |          3 |       0 |    0 |    10 |      0 |      0 |          0 |
|               ar_reg_stall                                                                            |           sc_util_v1_0_4_axi_reg_stall__parameterized0_353 |         32 |         32 |       0 |    0 |    78 |      0 |      0 |          0 |
|               ar_sreg                                                                                 |           sc_util_v1_0_4_axi_reg_stall__parameterized0_354 |         38 |         38 |       0 |    0 |    80 |      0 |      0 |          0 |
|               gen_endpoint.decerr_slave_inst                                                          |            sc_mmu_v1_0_14_decerr_slave__parameterized0_355 |         18 |         18 |       0 |    0 |    11 |      0 |      0 |          0 |
|               r_sreg                                                                                  |           sc_util_v1_0_4_axi_reg_stall__parameterized0_356 |         58 |         58 |       0 |    0 |    74 |      0 |      0 |          0 |
|               xpm_cdc_async_rst_inst                                                                  |                     xpm_cdc_async_rst__parameterized1__118 |          1 |          1 |       0 |    0 |     3 |      0 |      0 |          0 |
|           s00_si_converter                                                                            |                                           bd_8be3_s00sic_0 |         11 |         11 |       0 |    0 |     4 |      0 |      0 |          0 |
|             inst                                                                                      |                sc_si_converter_v1_0_14_top__parameterized0 |         11 |         11 |       0 |    0 |     4 |      0 |      0 |          0 |
|               (inst)                                                                                  |                sc_si_converter_v1_0_14_top__parameterized0 |         10 |         10 |       0 |    0 |     1 |      0 |      0 |          0 |
|               xpm_cdc_async_rst_inst                                                                  |                     xpm_cdc_async_rst__parameterized1__120 |          1 |          1 |       0 |    0 |     3 |      0 |      0 |          0 |
|           s00_transaction_regulator                                                                   |                                            bd_8be3_s00tr_0 |          0 |          0 |       0 |    0 |     0 |      0 |      0 |          0 |
|             inst                                                                                      |       sc_transaction_regulator_v1_0_11_top__parameterized0 |          0 |          0 |       0 |    0 |     0 |      0 |      0 |          0 |
|         s00_nodes                                                                                     |                                      s00_nodes_imp_17BA2J0 |        286 |        176 |     110 |    0 |   259 |      0 |      0 |          0 |
|           s00_ar_node                                                                                 |                                             bd_8be3_sarn_0 |        131 |         73 |      58 |    0 |   137 |      0 |      0 |          0 |
|             inst                                                                                      |                       sc_node_v1_0_17_top__parameterized19 |        131 |         73 |      58 |    0 |   137 |      0 |      0 |          0 |
|               (inst)                                                                                  |                       sc_node_v1_0_17_top__parameterized19 |          3 |          3 |       0 |    0 |     1 |      0 |      0 |          0 |
|               inst_mi_handler                                                                         |     sc_node_v1_0_17_mi_handler__parameterized19__xdcDup__1 |        128 |         70 |      58 |    0 |   132 |      0 |      0 |          0 |
|                 (inst_mi_handler)                                                                     |     sc_node_v1_0_17_mi_handler__parameterized19__xdcDup__1 |          0 |          0 |       0 |    0 |     2 |      0 |      0 |          0 |
|                 gen_normal_area.gen_fifo_req.inst_fifo_req                                            |           sc_node_v1_0_17_fifo__parameterized10__xdcDup__1 |         26 |         26 |       0 |    0 |    20 |      0 |      0 |          0 |
|                   gen_xpm_memory_fifo.inst_fifo                                                       |  sc_util_v1_0_4_xpm_memory_fifo__parameterized6__xdcDup__1 |         26 |         26 |       0 |    0 |    20 |      0 |      0 |          0 |
|                     (gen_xpm_memory_fifo.inst_fifo)                                                   |  sc_util_v1_0_4_xpm_memory_fifo__parameterized6__xdcDup__1 |          4 |          4 |       0 |    0 |     2 |      0 |      0 |          0 |
|                     gen_mem_rep[0].inst_rd_addrb                                                      |                 sc_util_v1_0_4_counter__parameterized2_350 |          6 |          6 |       0 |    0 |     6 |      0 |      0 |          0 |
|                     gen_mem_rep[0].inst_wr_addra                                                      |                 sc_util_v1_0_4_counter__parameterized2_351 |          5 |          5 |       0 |    0 |     6 |      0 |      0 |          0 |
|                     gen_wr.inst_wr_addra_p1                                                           |                 sc_util_v1_0_4_counter__parameterized3_352 |         12 |         12 |       0 |    0 |     6 |      0 |      0 |          0 |
|                 gen_normal_area.inst_fifo_node_payld                                                  |           sc_node_v1_0_17_fifo__parameterized11__xdcDup__1 |         97 |         39 |      58 |    0 |   106 |      0 |      0 |          0 |
|                   gen_xpm_memory_fifo.inst_fifo                                                       |  sc_util_v1_0_4_xpm_memory_fifo__parameterized7__xdcDup__1 |         97 |         39 |      58 |    0 |   106 |      0 |      0 |          0 |
|                     (gen_xpm_memory_fifo.inst_fifo)                                                   |  sc_util_v1_0_4_xpm_memory_fifo__parameterized7__xdcDup__1 |          5 |          5 |       0 |    0 |     4 |      0 |      0 |          0 |
|                     gen_mem_rep[0].inst_rd_addrb                                                      |                 sc_util_v1_0_4_counter__parameterized2_347 |          6 |          6 |       0 |    0 |     6 |      0 |      0 |          0 |
|                     gen_mem_rep[0].inst_wr_addra                                                      |                 sc_util_v1_0_4_counter__parameterized2_348 |          5 |          5 |       0 |    0 |     6 |      0 |      0 |          0 |
|                     gen_mem_rep[0].inst_xpm_memory                                                    |                         xpm_memory_sdpram__parameterized14 |         58 |          0 |      58 |    0 |    84 |      0 |      0 |          0 |
|                       xpm_memory_base_inst                                                            |                           xpm_memory_base__parameterized21 |         58 |          0 |      58 |    0 |    84 |      0 |      0 |          0 |
|                     gen_wr.inst_wr_addra_p1                                                           |                 sc_util_v1_0_4_counter__parameterized3_349 |         23 |         23 |       0 |    0 |     6 |      0 |      0 |          0 |
|                 gen_normal_area.inst_fifo_send                                                        |             sc_node_v1_0_17_reg_slice3__parameterized2_346 |          5 |          5 |       0 |    0 |     4 |      0 |      0 |          0 |
|               inst_si_handler                                                                         |            sc_node_v1_0_17_si_handler__parameterized14_345 |          1 |          1 |       0 |    0 |     1 |      0 |      0 |          0 |
|               s_sc_xpm_cdc_async_rst_inst                                                             |                     xpm_cdc_async_rst__parameterized1__148 |          1 |          1 |       0 |    0 |     3 |      0 |      0 |          0 |
|           s00_r_node                                                                                  |                                              bd_8be3_srn_0 |        155 |        103 |      52 |    0 |   122 |      0 |      0 |          0 |
|             inst                                                                                      |                       sc_node_v1_0_17_top__parameterized20 |        155 |        103 |      52 |    0 |   122 |      0 |      0 |          0 |
|               (inst)                                                                                  |                       sc_node_v1_0_17_top__parameterized20 |          3 |          3 |       0 |    0 |     1 |      0 |      0 |          0 |
|               inst_mi_handler                                                                         |     sc_node_v1_0_17_mi_handler__parameterized20__xdcDup__1 |        150 |         98 |      52 |    0 |   117 |      0 |      0 |          0 |
|                 (inst_mi_handler)                                                                     |     sc_node_v1_0_17_mi_handler__parameterized20__xdcDup__1 |          0 |          0 |       0 |    0 |     2 |      0 |      0 |          0 |
|                 gen_normal_area.gen_downsizer.inst_downsizer                                          |                              sc_node_v1_0_17_downsizer_336 |          1 |          1 |       0 |    0 |     3 |      0 |      0 |          0 |
|                 gen_normal_area.gen_node_prog_full.inst_node_prog_full                                |            sc_node_v1_0_17_fifo__parameterized3__xdcDup__4 |         35 |         35 |       0 |    0 |    21 |      0 |      0 |          0 |
|                   gen_xpm_memory_fifo.inst_fifo                                                       |                  sc_util_v1_0_4_xpm_memory_fifo__xdcDup__4 |         35 |         35 |       0 |    0 |    21 |      0 |      0 |          0 |
|                     (gen_xpm_memory_fifo.inst_fifo)                                                   |                  sc_util_v1_0_4_xpm_memory_fifo__xdcDup__4 |          5 |          5 |       0 |    0 |     3 |      0 |      0 |          0 |
|                     gen_mem_rep[0].inst_rd_addrb                                                      |                 sc_util_v1_0_4_counter__parameterized2_342 |          5 |          5 |       0 |    0 |     6 |      0 |      0 |          0 |
|                     gen_mem_rep[0].inst_wr_addra                                                      |                 sc_util_v1_0_4_counter__parameterized2_343 |          5 |          5 |       0 |    0 |     6 |      0 |      0 |          0 |
|                     gen_wr.inst_wr_addra_p1                                                           |                 sc_util_v1_0_4_counter__parameterized3_344 |         21 |         21 |       0 |    0 |     6 |      0 |      0 |          0 |
|                 gen_normal_area.inst_fifo_node_payld                                                  |           sc_node_v1_0_17_fifo__parameterized12__xdcDup__1 |        114 |         62 |      52 |    0 |    90 |      0 |      0 |          0 |
|                   gen_xpm_memory_fifo.inst_fifo                                                       |  sc_util_v1_0_4_xpm_memory_fifo__parameterized8__xdcDup__1 |        114 |         62 |      52 |    0 |    90 |      0 |      0 |          0 |
|                     (gen_xpm_memory_fifo.inst_fifo)                                                   |  sc_util_v1_0_4_xpm_memory_fifo__parameterized8__xdcDup__1 |         39 |         39 |       0 |    0 |     3 |      0 |      0 |          0 |
|                     gen_mem_rep[0].inst_rd_addrb                                                      |                 sc_util_v1_0_4_counter__parameterized2_339 |          5 |          5 |       0 |    0 |     6 |      0 |      0 |          0 |
|                     gen_mem_rep[0].inst_wr_addra                                                      |                 sc_util_v1_0_4_counter__parameterized2_340 |          4 |          4 |       0 |    0 |     6 |      0 |      0 |          0 |
|                     gen_mem_rep[0].inst_xpm_memory                                                    |                         xpm_memory_sdpram__parameterized15 |         52 |          0 |      52 |    0 |    69 |      0 |      0 |          0 |
|                       xpm_memory_base_inst                                                            |                           xpm_memory_base__parameterized22 |         52 |          0 |      52 |    0 |    69 |      0 |      0 |          0 |
|                     gen_wr.inst_wr_addra_p1                                                           |                 sc_util_v1_0_4_counter__parameterized3_341 |         14 |         14 |       0 |    0 |     6 |      0 |      0 |          0 |
|                 inst_ingress                                                                          |               sc_node_v1_0_17_ingress__parameterized15_337 |          0 |          0 |       0 |    0 |     1 |      0 |      0 |          0 |
|                   inst_pipeline_valid                                                                 |                sc_util_v1_0_4_pipeline__parameterized6_338 |          0 |          0 |       0 |    0 |     1 |      0 |      0 |          0 |
|               inst_si_handler                                                                         |            sc_node_v1_0_17_si_handler__parameterized12_335 |          1 |          1 |       0 |    0 |     1 |      0 |      0 |          0 |
|               s_sc_xpm_cdc_async_rst_inst                                                             |                     xpm_cdc_async_rst__parameterized1__146 |          1 |          1 |       0 |    0 |     3 |      0 |      0 |          0 |
|         s01_axi2sc                                                                                    |                                           bd_8be3_s01a2s_0 |          0 |          0 |       0 |    0 |     0 |      0 |      0 |          0 |
|           inst                                                                                        |                   sc_axi2sc_v1_0_10_top__parameterized0__3 |          0 |          0 |       0 |    0 |     0 |      0 |      0 |          0 |
|         s01_entry_pipeline                                                                            |                              s01_entry_pipeline_imp_57WW3M |        182 |        175 |       0 |    7 |   296 |      0 |      0 |          0 |
|           s01_mmu                                                                                     |                                           bd_8be3_s01mmu_0 |        132 |        132 |       0 |    0 |   276 |      0 |      0 |          0 |
|             inst                                                                                      |                         sc_mmu_v1_0_14_top__parameterized1 |        132 |        132 |       0 |    0 |   276 |      0 |      0 |          0 |
|               (inst)                                                                                  |                         sc_mmu_v1_0_14_top__parameterized1 |          5 |          5 |       0 |    0 |    19 |      0 |      0 |          0 |
|               aw_reg_stall                                                                            |           sc_util_v1_0_4_axi_reg_stall__parameterized0_330 |         36 |         36 |       0 |    0 |    80 |      0 |      0 |          0 |
|               aw_sreg                                                                                 |           sc_util_v1_0_4_axi_reg_stall__parameterized0_331 |         41 |         41 |       0 |    0 |    82 |      0 |      0 |          0 |
|               b_sreg                                                                                  |           sc_util_v1_0_4_axi_reg_stall__parameterized0_332 |         11 |         11 |       0 |    0 |     8 |      0 |      0 |          0 |
|               gen_endpoint.decerr_slave_inst                                                          |            sc_mmu_v1_0_14_decerr_slave__parameterized0_333 |          9 |          9 |       0 |    0 |     6 |      0 |      0 |          0 |
|               w_sreg                                                                                  |           sc_util_v1_0_4_axi_reg_stall__parameterized0_334 |         30 |         30 |       0 |    0 |    78 |      0 |      0 |          0 |
|               xpm_cdc_async_rst_inst                                                                  |                     xpm_cdc_async_rst__parameterized1__121 |          1 |          1 |       0 |    0 |     3 |      0 |      0 |          0 |
|           s01_si_converter                                                                            |                                           bd_8be3_s01sic_0 |         50 |         43 |       0 |    7 |    20 |      0 |      0 |          0 |
|             inst                                                                                      |                sc_si_converter_v1_0_14_top__parameterized1 |         50 |         43 |       0 |    7 |    20 |      0 |      0 |          0 |
|               (inst)                                                                                  |                sc_si_converter_v1_0_14_top__parameterized1 |          5 |          5 |       0 |    0 |     1 |      0 |      0 |          0 |
|               gen_normal.splitter_inst                                                                |                       sc_si_converter_v1_0_14_splitter_321 |         44 |         37 |       0 |    7 |    16 |      0 |      0 |          0 |
|                 (gen_normal.splitter_inst)                                                            |                       sc_si_converter_v1_0_14_splitter_321 |          0 |          0 |       0 |    0 |     1 |      0 |      0 |          0 |
|                 gen_no_wsplitter.gen_endpoint_woffset.gen_wbypass_offset_fifo.wbypass_offset_fifo     |       sc_util_v1_0_4_axic_reg_srl_fifo__parameterized5_322 |         44 |         37 |       0 |    7 |    15 |      0 |      0 |          0 |
|                   (gen_no_wsplitter.gen_endpoint_woffset.gen_wbypass_offset_fifo.wbypass_offset_fifo) |       sc_util_v1_0_4_axic_reg_srl_fifo__parameterized5_322 |         23 |         23 |       0 |    0 |    15 |      0 |      0 |          0 |
|                   gen_srls[0].srl_nx1                                                                 |                                 sc_util_v1_0_4_srl_rtl_323 |          2 |          1 |       0 |    1 |     0 |      0 |      0 |          0 |
|                   gen_srls[2].srl_nx1                                                                 |                                 sc_util_v1_0_4_srl_rtl_324 |          2 |          1 |       0 |    1 |     0 |      0 |      0 |          0 |
|                   gen_srls[4].srl_nx1                                                                 |                                 sc_util_v1_0_4_srl_rtl_325 |          2 |          1 |       0 |    1 |     0 |      0 |      0 |          0 |
|                   gen_srls[5].srl_nx1                                                                 |                                 sc_util_v1_0_4_srl_rtl_326 |          2 |          1 |       0 |    1 |     0 |      0 |      0 |          0 |
|                   gen_srls[6].srl_nx1                                                                 |                                 sc_util_v1_0_4_srl_rtl_327 |          9 |          8 |       0 |    1 |     0 |      0 |      0 |          0 |
|                   gen_srls[7].srl_nx1                                                                 |                                 sc_util_v1_0_4_srl_rtl_328 |          2 |          1 |       0 |    1 |     0 |      0 |      0 |          0 |
|                   gen_srls[9].srl_nx1                                                                 |                                 sc_util_v1_0_4_srl_rtl_329 |          3 |          2 |       0 |    1 |     0 |      0 |      0 |          0 |
|               xpm_cdc_async_rst_inst                                                                  |                     xpm_cdc_async_rst__parameterized1__123 |          1 |          1 |       0 |    0 |     3 |      0 |      0 |          0 |
|           s01_transaction_regulator                                                                   |                                            bd_8be3_s01tr_0 |          0 |          0 |       0 |    0 |     0 |      0 |      0 |          0 |
|             inst                                                                                      |       sc_transaction_regulator_v1_0_11_top__parameterized1 |          0 |          0 |       0 |    0 |     0 |      0 |      0 |          0 |
|         s01_nodes                                                                                     |                                        s01_nodes_imp_ATGL6 |        338 |        228 |     110 |    0 |   394 |      0 |      0 |          0 |
|           s01_aw_node                                                                                 |                                             bd_8be3_sawn_0 |        126 |         76 |      50 |    0 |   125 |      0 |      0 |          0 |
|             inst                                                                                      |                       sc_node_v1_0_17_top__parameterized21 |        126 |         76 |      50 |    0 |   125 |      0 |      0 |          0 |
|               (inst)                                                                                  |                       sc_node_v1_0_17_top__parameterized21 |          3 |          3 |       0 |    0 |     1 |      0 |      0 |          0 |
|               inst_mi_handler                                                                         |     sc_node_v1_0_17_mi_handler__parameterized21__xdcDup__1 |        122 |         72 |      50 |    0 |   120 |      0 |      0 |          0 |
|                 (inst_mi_handler)                                                                     |     sc_node_v1_0_17_mi_handler__parameterized21__xdcDup__1 |          0 |          0 |       0 |    0 |     2 |      0 |      0 |          0 |
|                 gen_normal_area.gen_fifo_req.inst_fifo_req                                            |           sc_node_v1_0_17_fifo__parameterized10__xdcDup__2 |         27 |         27 |       0 |    0 |    20 |      0 |      0 |          0 |
|                   gen_xpm_memory_fifo.inst_fifo                                                       |  sc_util_v1_0_4_xpm_memory_fifo__parameterized6__xdcDup__2 |         27 |         27 |       0 |    0 |    20 |      0 |      0 |          0 |
|                     (gen_xpm_memory_fifo.inst_fifo)                                                   |  sc_util_v1_0_4_xpm_memory_fifo__parameterized6__xdcDup__2 |          4 |          4 |       0 |    0 |     2 |      0 |      0 |          0 |
|                     gen_mem_rep[0].inst_rd_addrb                                                      |                 sc_util_v1_0_4_counter__parameterized2_318 |          6 |          6 |       0 |    0 |     6 |      0 |      0 |          0 |
|                     gen_mem_rep[0].inst_wr_addra                                                      |                 sc_util_v1_0_4_counter__parameterized2_319 |          5 |          5 |       0 |    0 |     6 |      0 |      0 |          0 |
|                     gen_wr.inst_wr_addra_p1                                                           |                 sc_util_v1_0_4_counter__parameterized3_320 |         12 |         12 |       0 |    0 |     6 |      0 |      0 |          0 |
|                 gen_normal_area.inst_fifo_node_payld                                                  |           sc_node_v1_0_17_fifo__parameterized11__xdcDup__2 |         90 |         40 |      50 |    0 |    94 |      0 |      0 |          0 |
|                   gen_xpm_memory_fifo.inst_fifo                                                       |  sc_util_v1_0_4_xpm_memory_fifo__parameterized7__xdcDup__2 |         90 |         40 |      50 |    0 |    94 |      0 |      0 |          0 |
|                     (gen_xpm_memory_fifo.inst_fifo)                                                   |  sc_util_v1_0_4_xpm_memory_fifo__parameterized7__xdcDup__2 |          6 |          6 |       0 |    0 |     4 |      0 |      0 |          0 |
|                     gen_mem_rep[0].inst_rd_addrb                                                      |                 sc_util_v1_0_4_counter__parameterized2_315 |          6 |          6 |       0 |    0 |     6 |      0 |      0 |          0 |
|                     gen_mem_rep[0].inst_wr_addra                                                      |                 sc_util_v1_0_4_counter__parameterized2_316 |          5 |          5 |       0 |    0 |     6 |      0 |      0 |          0 |
|                     gen_mem_rep[0].inst_xpm_memory                                                    |                      xpm_memory_sdpram__parameterized14__6 |         50 |          0 |      50 |    0 |    72 |      0 |      0 |          0 |
|                       xpm_memory_base_inst                                                            |                        xpm_memory_base__parameterized21__6 |         50 |          0 |      50 |    0 |    72 |      0 |      0 |          0 |
|                     gen_wr.inst_wr_addra_p1                                                           |                 sc_util_v1_0_4_counter__parameterized3_317 |         23 |         23 |       0 |    0 |     6 |      0 |      0 |          0 |
|                 gen_normal_area.inst_fifo_send                                                        |             sc_node_v1_0_17_reg_slice3__parameterized2_314 |          5 |          5 |       0 |    0 |     4 |      0 |      0 |          0 |
|               inst_si_handler                                                                         |            sc_node_v1_0_17_si_handler__parameterized15_313 |          1 |          1 |       0 |    0 |     1 |      0 |      0 |          0 |
|               s_sc_xpm_cdc_async_rst_inst                                                             |                     xpm_cdc_async_rst__parameterized1__144 |          1 |          1 |       0 |    0 |     3 |      0 |      0 |          0 |
|           s01_b_node                                                                                  |                                              bd_8be3_sbn_0 |         71 |         67 |       4 |    0 |    52 |      0 |      0 |          0 |
|             inst                                                                                      |                       sc_node_v1_0_17_top__parameterized22 |         71 |         67 |       4 |    0 |    52 |      0 |      0 |          0 |
|               (inst)                                                                                  |                       sc_node_v1_0_17_top__parameterized22 |          3 |          3 |       0 |    0 |     1 |      0 |      0 |          0 |
|               inst_mi_handler                                                                         |     sc_node_v1_0_17_mi_handler__parameterized22__xdcDup__1 |         66 |         62 |       4 |    0 |    47 |      0 |      0 |          0 |
|                 (inst_mi_handler)                                                                     |     sc_node_v1_0_17_mi_handler__parameterized22__xdcDup__1 |          0 |          0 |       0 |    0 |     2 |      0 |      0 |          0 |
|                 gen_normal_area.gen_node_prog_full.inst_node_prog_full                                |            sc_node_v1_0_17_fifo__parameterized3__xdcDup__5 |         36 |         36 |       0 |    0 |    21 |      0 |      0 |          0 |
|                   gen_xpm_memory_fifo.inst_fifo                                                       |                  sc_util_v1_0_4_xpm_memory_fifo__xdcDup__5 |         36 |         36 |       0 |    0 |    21 |      0 |      0 |          0 |
|                     (gen_xpm_memory_fifo.inst_fifo)                                                   |                  sc_util_v1_0_4_xpm_memory_fifo__xdcDup__5 |          5 |          5 |       0 |    0 |     3 |      0 |      0 |          0 |
|                     gen_mem_rep[0].inst_rd_addrb                                                      |                 sc_util_v1_0_4_counter__parameterized2_310 |          6 |          6 |       0 |    0 |     6 |      0 |      0 |          0 |
|                     gen_mem_rep[0].inst_wr_addra                                                      |                 sc_util_v1_0_4_counter__parameterized2_311 |          5 |          5 |       0 |    0 |     6 |      0 |      0 |          0 |
|                     gen_wr.inst_wr_addra_p1                                                           |                 sc_util_v1_0_4_counter__parameterized3_312 |         20 |         20 |       0 |    0 |     6 |      0 |      0 |          0 |
|                 gen_normal_area.inst_fifo_node_payld                                                  |           sc_node_v1_0_17_fifo__parameterized13__xdcDup__1 |         31 |         27 |       4 |    0 |    23 |      0 |      0 |          0 |
|                   gen_xpm_memory_fifo.inst_fifo                                                       |  sc_util_v1_0_4_xpm_memory_fifo__parameterized9__xdcDup__1 |         31 |         27 |       4 |    0 |    23 |      0 |      0 |          0 |
|                     (gen_xpm_memory_fifo.inst_fifo)                                                   |  sc_util_v1_0_4_xpm_memory_fifo__parameterized9__xdcDup__1 |          4 |          4 |       0 |    0 |     3 |      0 |      0 |          0 |
|                     gen_mem_rep[0].inst_rd_addrb                                                      |                 sc_util_v1_0_4_counter__parameterized2_307 |          6 |          6 |       0 |    0 |     6 |      0 |      0 |          0 |
|                     gen_mem_rep[0].inst_wr_addra                                                      |                 sc_util_v1_0_4_counter__parameterized2_308 |          4 |          4 |       0 |    0 |     6 |      0 |      0 |          0 |
|                     gen_mem_rep[0].inst_xpm_memory                                                    |                         xpm_memory_sdpram__parameterized16 |          4 |          0 |       4 |    0 |     2 |      0 |      0 |          0 |
|                       xpm_memory_base_inst                                                            |                           xpm_memory_base__parameterized23 |          4 |          0 |       4 |    0 |     2 |      0 |      0 |          0 |
|                     gen_wr.inst_wr_addra_p1                                                           |                 sc_util_v1_0_4_counter__parameterized3_309 |         13 |         13 |       0 |    0 |     6 |      0 |      0 |          0 |
|                 inst_ingress                                                                          |               sc_node_v1_0_17_ingress__parameterized17_305 |          0 |          0 |       0 |    0 |     1 |      0 |      0 |          0 |
|                   inst_pipeline_valid                                                                 |                sc_util_v1_0_4_pipeline__parameterized6_306 |          0 |          0 |       0 |    0 |     1 |      0 |      0 |          0 |
|               inst_si_handler                                                                         |            sc_node_v1_0_17_si_handler__parameterized11_304 |          1 |          1 |       0 |    0 |     1 |      0 |      0 |          0 |
|               s_sc_xpm_cdc_async_rst_inst                                                             |                     xpm_cdc_async_rst__parameterized1__142 |          1 |          1 |       0 |    0 |     3 |      0 |      0 |          0 |
|           s01_w_node                                                                                  |                                              bd_8be3_swn_0 |        141 |         85 |      56 |    0 |   217 |      0 |      0 |          0 |
|             inst                                                                                      |                       sc_node_v1_0_17_top__parameterized23 |        141 |         85 |      56 |    0 |   217 |      0 |      0 |          0 |
|               (inst)                                                                                  |                       sc_node_v1_0_17_top__parameterized23 |          3 |          3 |       0 |    0 |     1 |      0 |      0 |          0 |
|               inst_mi_handler                                                                         |     sc_node_v1_0_17_mi_handler__parameterized23__xdcDup__1 |        137 |         81 |      56 |    0 |   212 |      0 |      0 |          0 |
|                 (inst_mi_handler)                                                                     |     sc_node_v1_0_17_mi_handler__parameterized23__xdcDup__1 |          0 |          0 |       0 |    0 |     2 |      0 |      0 |          0 |
|                 gen_normal_area.gen_fi_regulator.inst_fi_regulator                                    |           sc_node_v1_0_17_fi_regulator__parameterized0_294 |          1 |          1 |       0 |    0 |     2 |      0 |      0 |          0 |
|                 gen_normal_area.gen_fifo_req.inst_fifo_req                                            |           sc_node_v1_0_17_fifo__parameterized14__xdcDup__1 |         29 |         25 |       4 |    0 |    22 |      0 |      0 |          0 |
|                   gen_xpm_memory_fifo.inst_fifo                                                       | sc_util_v1_0_4_xpm_memory_fifo__parameterized10__xdcDup__1 |         29 |         25 |       4 |    0 |    22 |      0 |      0 |          0 |
|                     (gen_xpm_memory_fifo.inst_fifo)                                                   | sc_util_v1_0_4_xpm_memory_fifo__parameterized10__xdcDup__1 |          4 |          4 |       0 |    0 |     3 |      0 |      0 |          0 |
|                     gen_mem_rep[0].inst_rd_addrb                                                      |                 sc_util_v1_0_4_counter__parameterized2_301 |          6 |          6 |       0 |    0 |     6 |      0 |      0 |          0 |
|                     gen_mem_rep[0].inst_wr_addra                                                      |                 sc_util_v1_0_4_counter__parameterized2_302 |          4 |          4 |       0 |    0 |     6 |      0 |      0 |          0 |
|                     gen_mem_rep[0].inst_xpm_memory                                                    |                      xpm_memory_sdpram__parameterized13__8 |          4 |          0 |       4 |    0 |     1 |      0 |      0 |          0 |
|                       xpm_memory_base_inst                                                            |                        xpm_memory_base__parameterized20__8 |          4 |          0 |       4 |    0 |     1 |      0 |      0 |          0 |
|                     gen_wr.inst_wr_addra_p1                                                           |                 sc_util_v1_0_4_counter__parameterized3_303 |         12 |         12 |       0 |    0 |     6 |      0 |      0 |          0 |
|                 gen_normal_area.gen_upsizer.inst_upsizer                                              |                                sc_node_v1_0_17_upsizer_295 |         12 |         12 |       0 |    0 |    84 |      0 |      0 |          0 |
|                   (gen_normal_area.gen_upsizer.inst_upsizer)                                          |                                sc_node_v1_0_17_upsizer_295 |         11 |         11 |       0 |    0 |    81 |      0 |      0 |          0 |
|                   inst_upsizer_target_pipeline                                                        |               sc_util_v1_0_4_pipeline__parameterized17_300 |          1 |          1 |       0 |    0 |     3 |      0 |      0 |          0 |
|                 gen_normal_area.inst_fifo_node_payld                                                  |           sc_node_v1_0_17_fifo__parameterized15__xdcDup__1 |         90 |         38 |      52 |    0 |    98 |      0 |      0 |          0 |
|                   gen_xpm_memory_fifo.inst_fifo                                                       | sc_util_v1_0_4_xpm_memory_fifo__parameterized11__xdcDup__1 |         90 |         38 |      52 |    0 |    98 |      0 |      0 |          0 |
|                     (gen_xpm_memory_fifo.inst_fifo)                                                   | sc_util_v1_0_4_xpm_memory_fifo__parameterized11__xdcDup__1 |          7 |          7 |       0 |    0 |     4 |      0 |      0 |          0 |
|                     gen_mem_rep[0].inst_rd_addrb                                                      |                 sc_util_v1_0_4_counter__parameterized2_297 |          6 |          6 |       0 |    0 |     6 |      0 |      0 |          0 |
|                     gen_mem_rep[0].inst_wr_addra                                                      |                 sc_util_v1_0_4_counter__parameterized2_298 |          4 |          4 |       0 |    0 |     6 |      0 |      0 |          0 |
|                     gen_mem_rep[0].inst_xpm_memory                                                    |                      xpm_memory_sdpram__parameterized10__3 |         52 |          0 |      52 |    0 |    76 |      0 |      0 |          0 |
|                       xpm_memory_base_inst                                                            |                        xpm_memory_base__parameterized17__3 |         52 |          0 |      52 |    0 |    76 |      0 |      0 |          0 |
|                     gen_wr.inst_wr_addra_p1                                                           |                 sc_util_v1_0_4_counter__parameterized3_299 |         22 |         22 |       0 |    0 |     6 |      0 |      0 |          0 |
|                 gen_normal_area.inst_fifo_send                                                        |             sc_node_v1_0_17_reg_slice3__parameterized2_296 |          5 |          5 |       0 |    0 |     4 |      0 |      0 |          0 |
|               inst_si_handler                                                                         |            sc_node_v1_0_17_si_handler__parameterized16_293 |          0 |          0 |       0 |    0 |     1 |      0 |      0 |          0 |
|               s_sc_xpm_cdc_async_rst_inst                                                             |                     xpm_cdc_async_rst__parameterized1__140 |          1 |          1 |       0 |    0 |     3 |      0 |      0 |          0 |
|         s02_axi2sc                                                                                    |                                           bd_8be3_s02a2s_0 |          0 |          0 |       0 |    0 |     0 |      0 |      0 |          0 |
|           inst                                                                                        |                   sc_axi2sc_v1_0_10_top__parameterized0__2 |          0 |          0 |       0 |    0 |     0 |      0 |      0 |          0 |
|         s02_entry_pipeline                                                                            |                              s02_entry_pipeline_imp_RSY6DB |        474 |        412 |       0 |   62 |   607 |      0 |      0 |          0 |
|           s02_mmu                                                                                     |                                           bd_8be3_s02mmu_0 |        129 |        129 |       0 |    0 |   282 |      0 |      0 |          0 |
|             inst                                                                                      |                         sc_mmu_v1_0_14_top__parameterized2 |        129 |        129 |       0 |    0 |   282 |      0 |      0 |          0 |
|               (inst)                                                                                  |                         sc_mmu_v1_0_14_top__parameterized2 |          5 |          5 |       0 |    0 |    19 |      0 |      0 |          0 |
|               aw_reg_stall                                                                            |           sc_util_v1_0_4_axi_reg_stall__parameterized0_288 |         37 |         37 |       0 |    0 |    88 |      0 |      0 |          0 |
|               aw_sreg                                                                                 |           sc_util_v1_0_4_axi_reg_stall__parameterized0_289 |         42 |         42 |       0 |    0 |    88 |      0 |      0 |          0 |
|               b_sreg                                                                                  |           sc_util_v1_0_4_axi_reg_stall__parameterized0_290 |          9 |          9 |       0 |    0 |     8 |      0 |      0 |          0 |
|               gen_endpoint.decerr_slave_inst                                                          |            sc_mmu_v1_0_14_decerr_slave__parameterized0_291 |          9 |          9 |       0 |    0 |     6 |      0 |      0 |          0 |
|               w_sreg                                                                                  |           sc_util_v1_0_4_axi_reg_stall__parameterized0_292 |         27 |         27 |       0 |    0 |    70 |      0 |      0 |          0 |
|               xpm_cdc_async_rst_inst                                                                  |                     xpm_cdc_async_rst__parameterized1__124 |          1 |          1 |       0 |    0 |     3 |      0 |      0 |          0 |
|           s02_si_converter                                                                            |                                           bd_8be3_s02sic_0 |        345 |        283 |       0 |   62 |   325 |      0 |      0 |          0 |
|             inst                                                                                      |     sc_si_converter_v1_0_14_top__parameterized2__xdcDup__1 |        345 |        283 |       0 |   62 |   325 |      0 |      0 |          0 |
|               (inst)                                                                                  |     sc_si_converter_v1_0_14_top__parameterized2__xdcDup__1 |          1 |          1 |       0 |    0 |     1 |      0 |      0 |          0 |
|               converter.wrap_narrow_inst                                                              |                    sc_si_converter_v1_0_14_wrap_narrow_214 |        309 |        254 |       0 |   55 |   305 |      0 |      0 |          0 |
|                 (converter.wrap_narrow_inst)                                                          |                    sc_si_converter_v1_0_14_wrap_narrow_214 |         33 |         33 |       0 |    0 |    91 |      0 |      0 |          0 |
|                 aw_reg_slice                                                                          |           sc_util_v1_0_4_axi_reg_stall__parameterized0_222 |         57 |         57 |       0 |    0 |   112 |      0 |      0 |          0 |
|                 w_cmd_fifo                                                                            |           sc_util_v1_0_4_axic_reg_srl_fifo__parameterized4 |         79 |         68 |       0 |   11 |    19 |      0 |      0 |          0 |
|                   (w_cmd_fifo)                                                                        |           sc_util_v1_0_4_axic_reg_srl_fifo__parameterized4 |         56 |         56 |       0 |    0 |    19 |      0 |      0 |          0 |
|                   gen_srls[10].srl_nx1                                                                |                                 sc_util_v1_0_4_srl_rtl_273 |          2 |          1 |       0 |    1 |     0 |      0 |      0 |          0 |
|                   gen_srls[14].srl_nx1                                                                |                                 sc_util_v1_0_4_srl_rtl_277 |          2 |          1 |       0 |    1 |     0 |      0 |      0 |          0 |
|                   gen_srls[15].srl_nx1                                                                |                                 sc_util_v1_0_4_srl_rtl_278 |          3 |          2 |       0 |    1 |     0 |      0 |      0 |          0 |
|                   gen_srls[1].srl_nx1                                                                 |                                 sc_util_v1_0_4_srl_rtl_279 |          2 |          1 |       0 |    1 |     0 |      0 |      0 |          0 |
|                   gen_srls[2].srl_nx1                                                                 |                                 sc_util_v1_0_4_srl_rtl_280 |          2 |          1 |       0 |    1 |     0 |      0 |      0 |          0 |
|                   gen_srls[3].srl_nx1                                                                 |                                 sc_util_v1_0_4_srl_rtl_281 |          2 |          1 |       0 |    1 |     0 |      0 |      0 |          0 |
|                   gen_srls[4].srl_nx1                                                                 |                                 sc_util_v1_0_4_srl_rtl_282 |          2 |          1 |       0 |    1 |     0 |      0 |      0 |          0 |
|                   gen_srls[5].srl_nx1                                                                 |                                 sc_util_v1_0_4_srl_rtl_283 |          2 |          1 |       0 |    1 |     0 |      0 |      0 |          0 |
|                   gen_srls[6].srl_nx1                                                                 |                                 sc_util_v1_0_4_srl_rtl_284 |          2 |          1 |       0 |    1 |     0 |      0 |      0 |          0 |
|                   gen_srls[7].srl_nx1                                                                 |                                 sc_util_v1_0_4_srl_rtl_285 |          2 |          1 |       0 |    1 |     0 |      0 |      0 |          0 |
|                   gen_srls[8].srl_nx1                                                                 |                                 sc_util_v1_0_4_srl_rtl_286 |          2 |          1 |       0 |    1 |     0 |      0 |      0 |          0 |
|                 w_payld_fifo                                                                          |        sc_si_converter_v1_0_14_offset_fifo__parameterized0 |        141 |         97 |       0 |   44 |    83 |      0 |      0 |          0 |
|                   (w_payld_fifo)                                                                      |        sc_si_converter_v1_0_14_offset_fifo__parameterized0 |         40 |         40 |       0 |    0 |    67 |      0 |      0 |          0 |
|                   cmd_fifo                                                                            |       sc_util_v1_0_4_axic_reg_srl_fifo__parameterized7_223 |         60 |         52 |       0 |    8 |    16 |      0 |      0 |          0 |
|                     (cmd_fifo)                                                                        |       sc_util_v1_0_4_axic_reg_srl_fifo__parameterized7_223 |         31 |         31 |       0 |    0 |    16 |      0 |      0 |          0 |
|                     gen_srls[0].srl_nx1                                                               |                                 sc_util_v1_0_4_srl_rtl_260 |          3 |          2 |       0 |    1 |     0 |      0 |      0 |          0 |
|                     gen_srls[11].srl_nx1                                                              |                                 sc_util_v1_0_4_srl_rtl_262 |          1 |          1 |       0 |    0 |     0 |      0 |      0 |          0 |
|                     gen_srls[1].srl_nx1                                                               |                                 sc_util_v1_0_4_srl_rtl_263 |          4 |          3 |       0 |    1 |     0 |      0 |      0 |          0 |
|                     gen_srls[2].srl_nx1                                                               |                                 sc_util_v1_0_4_srl_rtl_264 |          3 |          2 |       0 |    1 |     0 |      0 |      0 |          0 |
|                     gen_srls[3].srl_nx1                                                               |                                 sc_util_v1_0_4_srl_rtl_265 |          4 |          3 |       0 |    1 |     0 |      0 |      0 |          0 |
|                     gen_srls[4].srl_nx1                                                               |                                 sc_util_v1_0_4_srl_rtl_266 |          3 |          2 |       0 |    1 |     0 |      0 |      0 |          0 |
|                     gen_srls[5].srl_nx1                                                               |                                 sc_util_v1_0_4_srl_rtl_267 |          3 |          2 |       0 |    1 |     0 |      0 |      0 |          0 |
|                     gen_srls[6].srl_nx1                                                               |                                 sc_util_v1_0_4_srl_rtl_268 |          3 |          2 |       0 |    1 |     0 |      0 |      0 |          0 |
|                     gen_srls[7].srl_nx1                                                               |                                 sc_util_v1_0_4_srl_rtl_269 |          5 |          4 |       0 |    1 |     0 |      0 |      0 |          0 |
|                   gen_srls[100].srl_nx1                                                               |                 sc_util_v1_0_4_srl_rtl__parameterized0_224 |          1 |          0 |       0 |    1 |     0 |      0 |      0 |          0 |
|                   gen_srls[101].srl_nx1                                                               |                 sc_util_v1_0_4_srl_rtl__parameterized0_225 |          1 |          0 |       0 |    1 |     0 |      0 |      0 |          0 |
|                   gen_srls[102].srl_nx1                                                               |                 sc_util_v1_0_4_srl_rtl__parameterized0_226 |          1 |          0 |       0 |    1 |     0 |      0 |      0 |          0 |
|                   gen_srls[103].srl_nx1                                                               |                 sc_util_v1_0_4_srl_rtl__parameterized0_227 |          6 |          5 |       0 |    1 |     0 |      0 |      0 |          0 |
|                   gen_srls[68].srl_nx1                                                                |                 sc_util_v1_0_4_srl_rtl__parameterized0_228 |          2 |          1 |       0 |    1 |     0 |      0 |      0 |          0 |
|                   gen_srls[69].srl_nx1                                                                |                 sc_util_v1_0_4_srl_rtl__parameterized0_229 |          1 |          0 |       0 |    1 |     0 |      0 |      0 |          0 |
|                   gen_srls[70].srl_nx1                                                                |                 sc_util_v1_0_4_srl_rtl__parameterized0_230 |          1 |          0 |       0 |    1 |     0 |      0 |      0 |          0 |
|                   gen_srls[71].srl_nx1                                                                |                 sc_util_v1_0_4_srl_rtl__parameterized0_231 |          1 |          0 |       0 |    1 |     0 |      0 |      0 |          0 |
|                   gen_srls[72].srl_nx1                                                                |                 sc_util_v1_0_4_srl_rtl__parameterized0_232 |          1 |          0 |       0 |    1 |     0 |      0 |      0 |          0 |
|                   gen_srls[73].srl_nx1                                                                |                 sc_util_v1_0_4_srl_rtl__parameterized0_233 |          1 |          0 |       0 |    1 |     0 |      0 |      0 |          0 |
|                   gen_srls[74].srl_nx1                                                                |                 sc_util_v1_0_4_srl_rtl__parameterized0_234 |          1 |          0 |       0 |    1 |     0 |      0 |      0 |          0 |
|                   gen_srls[75].srl_nx1                                                                |                 sc_util_v1_0_4_srl_rtl__parameterized0_235 |          1 |          0 |       0 |    1 |     0 |      0 |      0 |          0 |
|                   gen_srls[76].srl_nx1                                                                |                 sc_util_v1_0_4_srl_rtl__parameterized0_236 |          1 |          0 |       0 |    1 |     0 |      0 |      0 |          0 |
|                   gen_srls[77].srl_nx1                                                                |                 sc_util_v1_0_4_srl_rtl__parameterized0_237 |          1 |          0 |       0 |    1 |     0 |      0 |      0 |          0 |
|                   gen_srls[78].srl_nx1                                                                |                 sc_util_v1_0_4_srl_rtl__parameterized0_238 |          1 |          0 |       0 |    1 |     0 |      0 |      0 |          0 |
|                   gen_srls[79].srl_nx1                                                                |                 sc_util_v1_0_4_srl_rtl__parameterized0_239 |          1 |          0 |       0 |    1 |     0 |      0 |      0 |          0 |
|                   gen_srls[80].srl_nx1                                                                |                 sc_util_v1_0_4_srl_rtl__parameterized0_240 |          1 |          0 |       0 |    1 |     0 |      0 |      0 |          0 |
|                   gen_srls[81].srl_nx1                                                                |                 sc_util_v1_0_4_srl_rtl__parameterized0_241 |          1 |          0 |       0 |    1 |     0 |      0 |      0 |          0 |
|                   gen_srls[82].srl_nx1                                                                |                 sc_util_v1_0_4_srl_rtl__parameterized0_242 |          1 |          0 |       0 |    1 |     0 |      0 |      0 |          0 |
|                   gen_srls[83].srl_nx1                                                                |                 sc_util_v1_0_4_srl_rtl__parameterized0_243 |          1 |          0 |       0 |    1 |     0 |      0 |      0 |          0 |
|                   gen_srls[84].srl_nx1                                                                |                 sc_util_v1_0_4_srl_rtl__parameterized0_244 |          1 |          0 |       0 |    1 |     0 |      0 |      0 |          0 |
|                   gen_srls[85].srl_nx1                                                                |                 sc_util_v1_0_4_srl_rtl__parameterized0_245 |          1 |          0 |       0 |    1 |     0 |      0 |      0 |          0 |
|                   gen_srls[86].srl_nx1                                                                |                 sc_util_v1_0_4_srl_rtl__parameterized0_246 |          1 |          0 |       0 |    1 |     0 |      0 |      0 |          0 |
|                   gen_srls[87].srl_nx1                                                                |                 sc_util_v1_0_4_srl_rtl__parameterized0_247 |          1 |          0 |       0 |    1 |     0 |      0 |      0 |          0 |
|                   gen_srls[88].srl_nx1                                                                |                 sc_util_v1_0_4_srl_rtl__parameterized0_248 |          1 |          0 |       0 |    1 |     0 |      0 |      0 |          0 |
|                   gen_srls[89].srl_nx1                                                                |                 sc_util_v1_0_4_srl_rtl__parameterized0_249 |          1 |          0 |       0 |    1 |     0 |      0 |      0 |          0 |
|                   gen_srls[90].srl_nx1                                                                |                 sc_util_v1_0_4_srl_rtl__parameterized0_250 |          1 |          0 |       0 |    1 |     0 |      0 |      0 |          0 |
|                   gen_srls[91].srl_nx1                                                                |                 sc_util_v1_0_4_srl_rtl__parameterized0_251 |          1 |          0 |       0 |    1 |     0 |      0 |      0 |          0 |
|                   gen_srls[92].srl_nx1                                                                |                 sc_util_v1_0_4_srl_rtl__parameterized0_252 |          1 |          0 |       0 |    1 |     0 |      0 |      0 |          0 |
|                   gen_srls[93].srl_nx1                                                                |                 sc_util_v1_0_4_srl_rtl__parameterized0_253 |          1 |          0 |       0 |    1 |     0 |      0 |      0 |          0 |
|                   gen_srls[94].srl_nx1                                                                |                 sc_util_v1_0_4_srl_rtl__parameterized0_254 |          1 |          0 |       0 |    1 |     0 |      0 |      0 |          0 |
|                   gen_srls[95].srl_nx1                                                                |                 sc_util_v1_0_4_srl_rtl__parameterized0_255 |          1 |          0 |       0 |    1 |     0 |      0 |      0 |          0 |
|                   gen_srls[96].srl_nx1                                                                |                 sc_util_v1_0_4_srl_rtl__parameterized0_256 |          1 |          0 |       0 |    1 |     0 |      0 |      0 |          0 |
|                   gen_srls[97].srl_nx1                                                                |                 sc_util_v1_0_4_srl_rtl__parameterized0_257 |          1 |          0 |       0 |    1 |     0 |      0 |      0 |          0 |
|                   gen_srls[98].srl_nx1                                                                |                 sc_util_v1_0_4_srl_rtl__parameterized0_258 |          1 |          0 |       0 |    1 |     0 |      0 |      0 |          0 |
|                   gen_srls[99].srl_nx1                                                                |                 sc_util_v1_0_4_srl_rtl__parameterized0_259 |          1 |          0 |       0 |    1 |     0 |      0 |      0 |          0 |
|               gen_normal.splitter_inst                                                                |                           sc_si_converter_v1_0_14_splitter |         34 |         27 |       0 |    7 |    16 |      0 |      0 |          0 |
|                 (gen_normal.splitter_inst)                                                            |                           sc_si_converter_v1_0_14_splitter |          0 |          0 |       0 |    0 |     1 |      0 |      0 |          0 |
|                 gen_no_wsplitter.gen_endpoint_woffset.gen_wbypass_offset_fifo.wbypass_offset_fifo     |           sc_util_v1_0_4_axic_reg_srl_fifo__parameterized5 |         34 |         27 |       0 |    7 |    15 |      0 |      0 |          0 |
|                   (gen_no_wsplitter.gen_endpoint_woffset.gen_wbypass_offset_fifo.wbypass_offset_fifo) |           sc_util_v1_0_4_axic_reg_srl_fifo__parameterized5 |         19 |         19 |       0 |    0 |    15 |      0 |      0 |          0 |
|                   gen_srls[0].srl_nx1                                                                 |                                 sc_util_v1_0_4_srl_rtl_215 |          2 |          1 |       0 |    1 |     0 |      0 |      0 |          0 |
|                   gen_srls[2].srl_nx1                                                                 |                                 sc_util_v1_0_4_srl_rtl_216 |          2 |          1 |       0 |    1 |     0 |      0 |      0 |          0 |
|                   gen_srls[4].srl_nx1                                                                 |                                 sc_util_v1_0_4_srl_rtl_217 |          2 |          1 |       0 |    1 |     0 |      0 |      0 |          0 |
|                   gen_srls[5].srl_nx1                                                                 |                                 sc_util_v1_0_4_srl_rtl_218 |          2 |          1 |       0 |    1 |     0 |      0 |      0 |          0 |
|                   gen_srls[6].srl_nx1                                                                 |                                 sc_util_v1_0_4_srl_rtl_219 |          2 |          1 |       0 |    1 |     0 |      0 |      0 |          0 |
|                   gen_srls[7].srl_nx1                                                                 |                                 sc_util_v1_0_4_srl_rtl_220 |          2 |          1 |       0 |    1 |     0 |      0 |      0 |          0 |
|                   gen_srls[9].srl_nx1                                                                 |                                 sc_util_v1_0_4_srl_rtl_221 |          3 |          2 |       0 |    1 |     0 |      0 |      0 |          0 |
|               xpm_cdc_async_rst_inst                                                                  |                     xpm_cdc_async_rst__parameterized1__125 |          1 |          1 |       0 |    0 |     3 |      0 |      0 |          0 |
|           s02_transaction_regulator                                                                   |                                            bd_8be3_s02tr_0 |          0 |          0 |       0 |    0 |     0 |      0 |      0 |          0 |
|             inst                                                                                      |       sc_transaction_regulator_v1_0_11_top__parameterized2 |          0 |          0 |       0 |    0 |     0 |      0 |      0 |          0 |
|         s02_nodes                                                                                     |                                       s02_nodes_imp_YT4R1D |        337 |        227 |     110 |    0 |   394 |      0 |      0 |          0 |
|           s02_aw_node                                                                                 |                                             bd_8be3_sawn_1 |        126 |         76 |      50 |    0 |   125 |      0 |      0 |          0 |
|             inst                                                                                      |                       sc_node_v1_0_17_top__parameterized24 |        126 |         76 |      50 |    0 |   125 |      0 |      0 |          0 |
|               (inst)                                                                                  |                       sc_node_v1_0_17_top__parameterized24 |          3 |          3 |       0 |    0 |     1 |      0 |      0 |          0 |
|               inst_mi_handler                                                                         |                sc_node_v1_0_17_mi_handler__parameterized21 |        121 |         71 |      50 |    0 |   120 |      0 |      0 |          0 |
|                 (inst_mi_handler)                                                                     |                sc_node_v1_0_17_mi_handler__parameterized21 |          0 |          0 |       0 |    0 |     2 |      0 |      0 |          0 |
|                 gen_normal_area.gen_fifo_req.inst_fifo_req                                            |           sc_node_v1_0_17_fifo__parameterized10__xdcDup__3 |         27 |         27 |       0 |    0 |    20 |      0 |      0 |          0 |
|                   gen_xpm_memory_fifo.inst_fifo                                                       |  sc_util_v1_0_4_xpm_memory_fifo__parameterized6__xdcDup__3 |         27 |         27 |       0 |    0 |    20 |      0 |      0 |          0 |
|                     (gen_xpm_memory_fifo.inst_fifo)                                                   |  sc_util_v1_0_4_xpm_memory_fifo__parameterized6__xdcDup__3 |          4 |          4 |       0 |    0 |     2 |      0 |      0 |          0 |
|                     gen_mem_rep[0].inst_rd_addrb                                                      |                 sc_util_v1_0_4_counter__parameterized2_211 |          6 |          6 |       0 |    0 |     6 |      0 |      0 |          0 |
|                     gen_mem_rep[0].inst_wr_addra                                                      |                 sc_util_v1_0_4_counter__parameterized2_212 |          5 |          5 |       0 |    0 |     6 |      0 |      0 |          0 |
|                     gen_wr.inst_wr_addra_p1                                                           |                 sc_util_v1_0_4_counter__parameterized3_213 |         12 |         12 |       0 |    0 |     6 |      0 |      0 |          0 |
|                 gen_normal_area.inst_fifo_node_payld                                                  |           sc_node_v1_0_17_fifo__parameterized11__xdcDup__3 |         90 |         40 |      50 |    0 |    94 |      0 |      0 |          0 |
|                   gen_xpm_memory_fifo.inst_fifo                                                       |  sc_util_v1_0_4_xpm_memory_fifo__parameterized7__xdcDup__3 |         90 |         40 |      50 |    0 |    94 |      0 |      0 |          0 |
|                     (gen_xpm_memory_fifo.inst_fifo)                                                   |  sc_util_v1_0_4_xpm_memory_fifo__parameterized7__xdcDup__3 |          6 |          6 |       0 |    0 |     4 |      0 |      0 |          0 |
|                     gen_mem_rep[0].inst_rd_addrb                                                      |                 sc_util_v1_0_4_counter__parameterized2_208 |          6 |          6 |       0 |    0 |     6 |      0 |      0 |          0 |
|                     gen_mem_rep[0].inst_wr_addra                                                      |                 sc_util_v1_0_4_counter__parameterized2_209 |          5 |          5 |       0 |    0 |     6 |      0 |      0 |          0 |
|                     gen_mem_rep[0].inst_xpm_memory                                                    |                      xpm_memory_sdpram__parameterized14__5 |         50 |          0 |      50 |    0 |    72 |      0 |      0 |          0 |
|                       xpm_memory_base_inst                                                            |                        xpm_memory_base__parameterized21__5 |         50 |          0 |      50 |    0 |    72 |      0 |      0 |          0 |
|                     gen_wr.inst_wr_addra_p1                                                           |                 sc_util_v1_0_4_counter__parameterized3_210 |         23 |         23 |       0 |    0 |     6 |      0 |      0 |          0 |
|                 gen_normal_area.inst_fifo_send                                                        |             sc_node_v1_0_17_reg_slice3__parameterized2_207 |          5 |          5 |       0 |    0 |     4 |      0 |      0 |          0 |
|               inst_si_handler                                                                         |                sc_node_v1_0_17_si_handler__parameterized15 |          1 |          1 |       0 |    0 |     1 |      0 |      0 |          0 |
|               s_sc_xpm_cdc_async_rst_inst                                                             |                     xpm_cdc_async_rst__parameterized1__138 |          1 |          1 |       0 |    0 |     3 |      0 |      0 |          0 |
|           s02_b_node                                                                                  |                                              bd_8be3_sbn_1 |         70 |         66 |       4 |    0 |    52 |      0 |      0 |          0 |
|             inst                                                                                      |                       sc_node_v1_0_17_top__parameterized25 |         70 |         66 |       4 |    0 |    52 |      0 |      0 |          0 |
|               (inst)                                                                                  |                       sc_node_v1_0_17_top__parameterized25 |          3 |          3 |       0 |    0 |     1 |      0 |      0 |          0 |
|               inst_mi_handler                                                                         |                sc_node_v1_0_17_mi_handler__parameterized22 |         66 |         62 |       4 |    0 |    47 |      0 |      0 |          0 |
|                 (inst_mi_handler)                                                                     |                sc_node_v1_0_17_mi_handler__parameterized22 |          0 |          0 |       0 |    0 |     2 |      0 |      0 |          0 |
|                 gen_normal_area.gen_node_prog_full.inst_node_prog_full                                |            sc_node_v1_0_17_fifo__parameterized3__xdcDup__6 |         36 |         36 |       0 |    0 |    21 |      0 |      0 |          0 |
|                   gen_xpm_memory_fifo.inst_fifo                                                       |                  sc_util_v1_0_4_xpm_memory_fifo__xdcDup__6 |         36 |         36 |       0 |    0 |    21 |      0 |      0 |          0 |
|                     (gen_xpm_memory_fifo.inst_fifo)                                                   |                  sc_util_v1_0_4_xpm_memory_fifo__xdcDup__6 |          5 |          5 |       0 |    0 |     3 |      0 |      0 |          0 |
|                     gen_mem_rep[0].inst_rd_addrb                                                      |                 sc_util_v1_0_4_counter__parameterized2_204 |          6 |          6 |       0 |    0 |     6 |      0 |      0 |          0 |
|                     gen_mem_rep[0].inst_wr_addra                                                      |                 sc_util_v1_0_4_counter__parameterized2_205 |          5 |          5 |       0 |    0 |     6 |      0 |      0 |          0 |
|                     gen_wr.inst_wr_addra_p1                                                           |                 sc_util_v1_0_4_counter__parameterized3_206 |         20 |         20 |       0 |    0 |     6 |      0 |      0 |          0 |
|                 gen_normal_area.inst_fifo_node_payld                                                  |                      sc_node_v1_0_17_fifo__parameterized13 |         31 |         27 |       4 |    0 |    23 |      0 |      0 |          0 |
|                   gen_xpm_memory_fifo.inst_fifo                                                       |             sc_util_v1_0_4_xpm_memory_fifo__parameterized9 |         31 |         27 |       4 |    0 |    23 |      0 |      0 |          0 |
|                     (gen_xpm_memory_fifo.inst_fifo)                                                   |             sc_util_v1_0_4_xpm_memory_fifo__parameterized9 |          4 |          4 |       0 |    0 |     3 |      0 |      0 |          0 |
|                     gen_mem_rep[0].inst_rd_addrb                                                      |                 sc_util_v1_0_4_counter__parameterized2_201 |          6 |          6 |       0 |    0 |     6 |      0 |      0 |          0 |
|                     gen_mem_rep[0].inst_wr_addra                                                      |                 sc_util_v1_0_4_counter__parameterized2_202 |          4 |          4 |       0 |    0 |     6 |      0 |      0 |          0 |
|                     gen_mem_rep[0].inst_xpm_memory                                                    |                      xpm_memory_sdpram__parameterized16__2 |          4 |          0 |       4 |    0 |     2 |      0 |      0 |          0 |
|                       xpm_memory_base_inst                                                            |                        xpm_memory_base__parameterized23__2 |          4 |          0 |       4 |    0 |     2 |      0 |      0 |          0 |
|                     gen_wr.inst_wr_addra_p1                                                           |                 sc_util_v1_0_4_counter__parameterized3_203 |         13 |         13 |       0 |    0 |     6 |      0 |      0 |          0 |
|                 inst_ingress                                                                          |                   sc_node_v1_0_17_ingress__parameterized17 |          0 |          0 |       0 |    0 |     1 |      0 |      0 |          0 |
|                   inst_pipeline_valid                                                                 |                sc_util_v1_0_4_pipeline__parameterized6_200 |          0 |          0 |       0 |    0 |     1 |      0 |      0 |          0 |
|               inst_si_handler                                                                         |                sc_node_v1_0_17_si_handler__parameterized11 |          1 |          1 |       0 |    0 |     1 |      0 |      0 |          0 |
|               s_sc_xpm_cdc_async_rst_inst                                                             |                     xpm_cdc_async_rst__parameterized1__136 |          1 |          1 |       0 |    0 |     3 |      0 |      0 |          0 |
|           s02_w_node                                                                                  |                                              bd_8be3_swn_1 |        141 |         85 |      56 |    0 |   217 |      0 |      0 |          0 |
|             inst                                                                                      |                       sc_node_v1_0_17_top__parameterized26 |        141 |         85 |      56 |    0 |   217 |      0 |      0 |          0 |
|               (inst)                                                                                  |                       sc_node_v1_0_17_top__parameterized26 |          3 |          3 |       0 |    0 |     1 |      0 |      0 |          0 |
|               inst_mi_handler                                                                         |                sc_node_v1_0_17_mi_handler__parameterized23 |        137 |         81 |      56 |    0 |   212 |      0 |      0 |          0 |
|                 (inst_mi_handler)                                                                     |                sc_node_v1_0_17_mi_handler__parameterized23 |          0 |          0 |       0 |    0 |     2 |      0 |      0 |          0 |
|                 gen_normal_area.gen_fi_regulator.inst_fi_regulator                                    |               sc_node_v1_0_17_fi_regulator__parameterized0 |          1 |          1 |       0 |    0 |     2 |      0 |      0 |          0 |
|                 gen_normal_area.gen_fifo_req.inst_fifo_req                                            |                      sc_node_v1_0_17_fifo__parameterized14 |         29 |         25 |       4 |    0 |    22 |      0 |      0 |          0 |
|                   gen_xpm_memory_fifo.inst_fifo                                                       |            sc_util_v1_0_4_xpm_memory_fifo__parameterized10 |         29 |         25 |       4 |    0 |    22 |      0 |      0 |          0 |
|                     (gen_xpm_memory_fifo.inst_fifo)                                                   |            sc_util_v1_0_4_xpm_memory_fifo__parameterized10 |          4 |          4 |       0 |    0 |     3 |      0 |      0 |          0 |
|                     gen_mem_rep[0].inst_rd_addrb                                                      |                 sc_util_v1_0_4_counter__parameterized2_197 |          6 |          6 |       0 |    0 |     6 |      0 |      0 |          0 |
|                     gen_mem_rep[0].inst_wr_addra                                                      |                 sc_util_v1_0_4_counter__parameterized2_198 |          4 |          4 |       0 |    0 |     6 |      0 |      0 |          0 |
|                     gen_mem_rep[0].inst_xpm_memory                                                    |                      xpm_memory_sdpram__parameterized13__6 |          4 |          0 |       4 |    0 |     1 |      0 |      0 |          0 |
|                       xpm_memory_base_inst                                                            |                        xpm_memory_base__parameterized20__6 |          4 |          0 |       4 |    0 |     1 |      0 |      0 |          0 |
|                     gen_wr.inst_wr_addra_p1                                                           |                 sc_util_v1_0_4_counter__parameterized3_199 |         12 |         12 |       0 |    0 |     6 |      0 |      0 |          0 |
|                 gen_normal_area.gen_upsizer.inst_upsizer                                              |                                    sc_node_v1_0_17_upsizer |         12 |         12 |       0 |    0 |    84 |      0 |      0 |          0 |
|                   (gen_normal_area.gen_upsizer.inst_upsizer)                                          |                                    sc_node_v1_0_17_upsizer |         11 |         11 |       0 |    0 |    81 |      0 |      0 |          0 |
|                   inst_upsizer_target_pipeline                                                        |                   sc_util_v1_0_4_pipeline__parameterized17 |          1 |          1 |       0 |    0 |     3 |      0 |      0 |          0 |
|                 gen_normal_area.inst_fifo_node_payld                                                  |                      sc_node_v1_0_17_fifo__parameterized15 |         90 |         38 |      52 |    0 |    98 |      0 |      0 |          0 |
|                   gen_xpm_memory_fifo.inst_fifo                                                       |            sc_util_v1_0_4_xpm_memory_fifo__parameterized11 |         90 |         38 |      52 |    0 |    98 |      0 |      0 |          0 |
|                     (gen_xpm_memory_fifo.inst_fifo)                                                   |            sc_util_v1_0_4_xpm_memory_fifo__parameterized11 |          7 |          7 |       0 |    0 |     4 |      0 |      0 |          0 |
|                     gen_mem_rep[0].inst_rd_addrb                                                      |                 sc_util_v1_0_4_counter__parameterized2_194 |          6 |          6 |       0 |    0 |     6 |      0 |      0 |          0 |
|                     gen_mem_rep[0].inst_wr_addra                                                      |                 sc_util_v1_0_4_counter__parameterized2_195 |          4 |          4 |       0 |    0 |     6 |      0 |      0 |          0 |
|                     gen_mem_rep[0].inst_xpm_memory                                                    |                      xpm_memory_sdpram__parameterized10__2 |         52 |          0 |      52 |    0 |    76 |      0 |      0 |          0 |
|                       xpm_memory_base_inst                                                            |                        xpm_memory_base__parameterized17__2 |         52 |          0 |      52 |    0 |    76 |      0 |      0 |          0 |
|                     gen_wr.inst_wr_addra_p1                                                           |                 sc_util_v1_0_4_counter__parameterized3_196 |         22 |         22 |       0 |    0 |     6 |      0 |      0 |          0 |
|                 gen_normal_area.inst_fifo_send                                                        |             sc_node_v1_0_17_reg_slice3__parameterized2_193 |          5 |          5 |       0 |    0 |     4 |      0 |      0 |          0 |
|               inst_si_handler                                                                         |                sc_node_v1_0_17_si_handler__parameterized16 |          0 |          0 |       0 |    0 |     1 |      0 |      0 |          0 |
|               s_sc_xpm_cdc_async_rst_inst                                                             |                     xpm_cdc_async_rst__parameterized1__134 |          1 |          1 |       0 |    0 |     3 |      0 |      0 |          0 |
|         s03_axi2sc                                                                                    |                                           bd_8be3_s03a2s_0 |          0 |          0 |       0 |    0 |     0 |      0 |      0 |          0 |
|           inst                                                                                        |                   sc_axi2sc_v1_0_10_top__parameterized0__1 |          0 |          0 |       0 |    0 |     0 |      0 |      0 |          0 |
|         s03_entry_pipeline                                                                            |                             s03_entry_pipeline_imp_1YTVYP7 |        446 |        385 |       0 |   61 |   566 |      0 |      0 |          0 |
|           s03_mmu                                                                                     |                                           bd_8be3_s03mmu_0 |        154 |        154 |       0 |    0 |   274 |      0 |      0 |          0 |
|             inst                                                                                      |                         sc_mmu_v1_0_14_top__parameterized3 |        154 |        154 |       0 |    0 |   274 |      0 |      0 |          0 |
|               (inst)                                                                                  |                         sc_mmu_v1_0_14_top__parameterized3 |          3 |          3 |       0 |    0 |    10 |      0 |      0 |          0 |
|               ar_reg_stall                                                                            |           sc_util_v1_0_4_axi_reg_stall__parameterized0_190 |         36 |         36 |       0 |    0 |    88 |      0 |      0 |          0 |
|               ar_sreg                                                                                 |           sc_util_v1_0_4_axi_reg_stall__parameterized0_191 |         31 |         31 |       0 |    0 |    88 |      0 |      0 |          0 |
|               gen_endpoint.decerr_slave_inst                                                          |                sc_mmu_v1_0_14_decerr_slave__parameterized0 |         20 |         20 |       0 |    0 |    11 |      0 |      0 |          0 |
|               r_sreg                                                                                  |           sc_util_v1_0_4_axi_reg_stall__parameterized0_192 |         64 |         64 |       0 |    0 |    74 |      0 |      0 |          0 |
|               xpm_cdc_async_rst_inst                                                                  |                     xpm_cdc_async_rst__parameterized1__127 |          1 |          1 |       0 |    0 |     3 |      0 |      0 |          0 |
|           s03_si_converter                                                                            |                                           bd_8be3_s03sic_0 |        293 |        232 |       0 |   61 |   292 |      0 |      0 |          0 |
|             inst                                                                                      |                sc_si_converter_v1_0_14_top__parameterized2 |        293 |        232 |       0 |   61 |   292 |      0 |      0 |          0 |
|               (inst)                                                                                  |                sc_si_converter_v1_0_14_top__parameterized2 |          1 |          1 |       0 |    0 |     1 |      0 |      0 |          0 |
|               converter.wrap_narrow_inst                                                              |                        sc_si_converter_v1_0_14_wrap_narrow |        291 |        230 |       0 |   61 |   288 |      0 |      0 |          0 |
|                 (converter.wrap_narrow_inst)                                                          |                        sc_si_converter_v1_0_14_wrap_narrow |         10 |         10 |       0 |    0 |    65 |      0 |      0 |          0 |
|                 ar_reg_slice                                                                          |               sc_util_v1_0_4_axi_reg_stall__parameterized0 |         58 |         58 |       0 |    0 |   116 |      0 |      0 |          0 |
|                 gen_thread_loop[0].r_cmd_fifo                                                         |           sc_util_v1_0_4_axic_reg_srl_fifo__parameterized6 |         84 |         65 |       0 |   19 |    27 |      0 |      0 |          0 |
|                   (gen_thread_loop[0].r_cmd_fifo)                                                     |           sc_util_v1_0_4_axic_reg_srl_fifo__parameterized6 |         39 |         39 |       0 |    0 |    27 |      0 |      0 |          0 |
|                   gen_srls[0].srl_nx1                                                                 |                                 sc_util_v1_0_4_srl_rtl_169 |          2 |          1 |       0 |    1 |     0 |      0 |      0 |          0 |
|                   gen_srls[10].srl_nx1                                                                |                                 sc_util_v1_0_4_srl_rtl_170 |          2 |          1 |       0 |    1 |     0 |      0 |      0 |          0 |
|                   gen_srls[11].srl_nx1                                                                |                                 sc_util_v1_0_4_srl_rtl_171 |          2 |          1 |       0 |    1 |     0 |      0 |      0 |          0 |
|                   gen_srls[12].srl_nx1                                                                |                                 sc_util_v1_0_4_srl_rtl_172 |          2 |          1 |       0 |    1 |     0 |      0 |      0 |          0 |
|                   gen_srls[13].srl_nx1                                                                |                                 sc_util_v1_0_4_srl_rtl_173 |          2 |          1 |       0 |    1 |     0 |      0 |      0 |          0 |
|                   gen_srls[14].srl_nx1                                                                |                                 sc_util_v1_0_4_srl_rtl_174 |          2 |          1 |       0 |    1 |     0 |      0 |      0 |          0 |
|                   gen_srls[15].srl_nx1                                                                |                                 sc_util_v1_0_4_srl_rtl_175 |          2 |          1 |       0 |    1 |     0 |      0 |      0 |          0 |
|                   gen_srls[17].srl_nx1                                                                |                                 sc_util_v1_0_4_srl_rtl_177 |          2 |          1 |       0 |    1 |     0 |      0 |      0 |          0 |
|                   gen_srls[19].srl_nx1                                                                |                                 sc_util_v1_0_4_srl_rtl_179 |          2 |          1 |       0 |    1 |     0 |      0 |      0 |          0 |
|                   gen_srls[1].srl_nx1                                                                 |                                 sc_util_v1_0_4_srl_rtl_180 |          3 |          2 |       0 |    1 |     0 |      0 |      0 |          0 |
|                   gen_srls[20].srl_nx1                                                                |                                 sc_util_v1_0_4_srl_rtl_181 |          3 |          2 |       0 |    1 |     0 |      0 |      0 |          0 |
|                   gen_srls[2].srl_nx1                                                                 |                                 sc_util_v1_0_4_srl_rtl_182 |          3 |          2 |       0 |    1 |     0 |      0 |      0 |          0 |
|                   gen_srls[3].srl_nx1                                                                 |                                 sc_util_v1_0_4_srl_rtl_183 |          5 |          4 |       0 |    1 |     0 |      0 |      0 |          0 |
|                   gen_srls[4].srl_nx1                                                                 |                                 sc_util_v1_0_4_srl_rtl_184 |          3 |          2 |       0 |    1 |     0 |      0 |      0 |          0 |
|                   gen_srls[5].srl_nx1                                                                 |                                 sc_util_v1_0_4_srl_rtl_185 |          2 |          1 |       0 |    1 |     0 |      0 |      0 |          0 |
|                   gen_srls[6].srl_nx1                                                                 |                                 sc_util_v1_0_4_srl_rtl_186 |          2 |          1 |       0 |    1 |     0 |      0 |      0 |          0 |
|                   gen_srls[7].srl_nx1                                                                 |                                 sc_util_v1_0_4_srl_rtl_187 |          2 |          1 |       0 |    1 |     0 |      0 |      0 |          0 |
|                   gen_srls[8].srl_nx1                                                                 |                                 sc_util_v1_0_4_srl_rtl_188 |          2 |          1 |       0 |    1 |     0 |      0 |      0 |          0 |
|                   gen_srls[9].srl_nx1                                                                 |                                 sc_util_v1_0_4_srl_rtl_189 |          2 |          1 |       0 |    1 |     0 |      0 |      0 |          0 |
|                 gen_thread_loop[0].r_payld_fifo                                                       |                        sc_si_converter_v1_0_14_offset_fifo |        140 |         98 |       0 |   42 |    80 |      0 |      0 |          0 |
|                   (gen_thread_loop[0].r_payld_fifo)                                                   |                        sc_si_converter_v1_0_14_offset_fifo |         48 |         48 |       0 |    0 |    64 |      0 |      0 |          0 |
|                   cmd_fifo                                                                            |           sc_util_v1_0_4_axic_reg_srl_fifo__parameterized7 |         54 |         46 |       0 |    8 |    16 |      0 |      0 |          0 |
|                     (cmd_fifo)                                                                        |           sc_util_v1_0_4_axic_reg_srl_fifo__parameterized7 |         31 |         31 |       0 |    0 |    16 |      0 |      0 |          0 |
|                     gen_srls[0].srl_nx1                                                               |                                     sc_util_v1_0_4_srl_rtl |          3 |          2 |       0 |    1 |     0 |      0 |      0 |          0 |
|                     gen_srls[11].srl_nx1                                                              |                                 sc_util_v1_0_4_srl_rtl_159 |          1 |          1 |       0 |    0 |     0 |      0 |      0 |          0 |
|                     gen_srls[1].srl_nx1                                                               |                                 sc_util_v1_0_4_srl_rtl_160 |          2 |          1 |       0 |    1 |     0 |      0 |      0 |          0 |
|                     gen_srls[2].srl_nx1                                                               |                                 sc_util_v1_0_4_srl_rtl_161 |          2 |          1 |       0 |    1 |     0 |      0 |      0 |          0 |
|                     gen_srls[3].srl_nx1                                                               |                                 sc_util_v1_0_4_srl_rtl_162 |          2 |          1 |       0 |    1 |     0 |      0 |      0 |          0 |
|                     gen_srls[4].srl_nx1                                                               |                                 sc_util_v1_0_4_srl_rtl_163 |          2 |          1 |       0 |    1 |     0 |      0 |      0 |          0 |
|                     gen_srls[5].srl_nx1                                                               |                                 sc_util_v1_0_4_srl_rtl_164 |          3 |          2 |       0 |    1 |     0 |      0 |      0 |          0 |
|                     gen_srls[6].srl_nx1                                                               |                                 sc_util_v1_0_4_srl_rtl_165 |          3 |          2 |       0 |    1 |     0 |      0 |      0 |          0 |
|                     gen_srls[7].srl_nx1                                                               |                                 sc_util_v1_0_4_srl_rtl_166 |          7 |          6 |       0 |    1 |     0 |      0 |      0 |          0 |
|                   gen_srls[10].srl_nx1                                                                |                     sc_util_v1_0_4_srl_rtl__parameterized0 |          1 |          0 |       0 |    1 |     0 |      0 |      0 |          0 |
|                   gen_srls[11].srl_nx1                                                                |                 sc_util_v1_0_4_srl_rtl__parameterized0_125 |          1 |          0 |       0 |    1 |     0 |      0 |      0 |          0 |
|                   gen_srls[12].srl_nx1                                                                |                 sc_util_v1_0_4_srl_rtl__parameterized0_126 |          1 |          0 |       0 |    1 |     0 |      0 |      0 |          0 |
|                   gen_srls[13].srl_nx1                                                                |                 sc_util_v1_0_4_srl_rtl__parameterized0_127 |          1 |          0 |       0 |    1 |     0 |      0 |      0 |          0 |
|                   gen_srls[14].srl_nx1                                                                |                 sc_util_v1_0_4_srl_rtl__parameterized0_128 |          1 |          0 |       0 |    1 |     0 |      0 |      0 |          0 |
|                   gen_srls[15].srl_nx1                                                                |                 sc_util_v1_0_4_srl_rtl__parameterized0_129 |          1 |          0 |       0 |    1 |     0 |      0 |      0 |          0 |
|                   gen_srls[16].srl_nx1                                                                |                 sc_util_v1_0_4_srl_rtl__parameterized0_130 |          1 |          0 |       0 |    1 |     0 |      0 |      0 |          0 |
|                   gen_srls[17].srl_nx1                                                                |                 sc_util_v1_0_4_srl_rtl__parameterized0_131 |          1 |          0 |       0 |    1 |     0 |      0 |      0 |          0 |
|                   gen_srls[18].srl_nx1                                                                |                 sc_util_v1_0_4_srl_rtl__parameterized0_132 |          1 |          0 |       0 |    1 |     0 |      0 |      0 |          0 |
|                   gen_srls[19].srl_nx1                                                                |                 sc_util_v1_0_4_srl_rtl__parameterized0_133 |          1 |          0 |       0 |    1 |     0 |      0 |      0 |          0 |
|                   gen_srls[20].srl_nx1                                                                |                 sc_util_v1_0_4_srl_rtl__parameterized0_134 |          1 |          0 |       0 |    1 |     0 |      0 |      0 |          0 |
|                   gen_srls[21].srl_nx1                                                                |                 sc_util_v1_0_4_srl_rtl__parameterized0_135 |          1 |          0 |       0 |    1 |     0 |      0 |      0 |          0 |
|                   gen_srls[22].srl_nx1                                                                |                 sc_util_v1_0_4_srl_rtl__parameterized0_136 |          1 |          0 |       0 |    1 |     0 |      0 |      0 |          0 |
|                   gen_srls[23].srl_nx1                                                                |                 sc_util_v1_0_4_srl_rtl__parameterized0_137 |          1 |          0 |       0 |    1 |     0 |      0 |      0 |          0 |
|                   gen_srls[24].srl_nx1                                                                |                 sc_util_v1_0_4_srl_rtl__parameterized0_138 |          1 |          0 |       0 |    1 |     0 |      0 |      0 |          0 |
|                   gen_srls[25].srl_nx1                                                                |                 sc_util_v1_0_4_srl_rtl__parameterized0_139 |          1 |          0 |       0 |    1 |     0 |      0 |      0 |          0 |
|                   gen_srls[26].srl_nx1                                                                |                 sc_util_v1_0_4_srl_rtl__parameterized0_140 |          1 |          0 |       0 |    1 |     0 |      0 |      0 |          0 |
|                   gen_srls[27].srl_nx1                                                                |                 sc_util_v1_0_4_srl_rtl__parameterized0_141 |          1 |          0 |       0 |    1 |     0 |      0 |      0 |          0 |
|                   gen_srls[28].srl_nx1                                                                |                 sc_util_v1_0_4_srl_rtl__parameterized0_142 |          1 |          0 |       0 |    1 |     0 |      0 |      0 |          0 |
|                   gen_srls[29].srl_nx1                                                                |                 sc_util_v1_0_4_srl_rtl__parameterized0_143 |          1 |          0 |       0 |    1 |     0 |      0 |      0 |          0 |
|                   gen_srls[30].srl_nx1                                                                |                 sc_util_v1_0_4_srl_rtl__parameterized0_144 |          1 |          0 |       0 |    1 |     0 |      0 |      0 |          0 |
|                   gen_srls[31].srl_nx1                                                                |                 sc_util_v1_0_4_srl_rtl__parameterized0_145 |          1 |          0 |       0 |    1 |     0 |      0 |      0 |          0 |
|                   gen_srls[32].srl_nx1                                                                |                 sc_util_v1_0_4_srl_rtl__parameterized0_146 |          1 |          0 |       0 |    1 |     0 |      0 |      0 |          0 |
|                   gen_srls[33].srl_nx1                                                                |                 sc_util_v1_0_4_srl_rtl__parameterized0_147 |          1 |          0 |       0 |    1 |     0 |      0 |      0 |          0 |
|                   gen_srls[34].srl_nx1                                                                |                 sc_util_v1_0_4_srl_rtl__parameterized0_148 |          1 |          0 |       0 |    1 |     0 |      0 |      0 |          0 |
|                   gen_srls[35].srl_nx1                                                                |                 sc_util_v1_0_4_srl_rtl__parameterized0_149 |          1 |          0 |       0 |    1 |     0 |      0 |      0 |          0 |
|                   gen_srls[39].srl_nx1                                                                |                 sc_util_v1_0_4_srl_rtl__parameterized0_150 |          1 |          0 |       0 |    1 |     0 |      0 |      0 |          0 |
|                   gen_srls[40].srl_nx1                                                                |                 sc_util_v1_0_4_srl_rtl__parameterized0_151 |          6 |          5 |       0 |    1 |     0 |      0 |      0 |          0 |
|                   gen_srls[4].srl_nx1                                                                 |                 sc_util_v1_0_4_srl_rtl__parameterized0_152 |          2 |          1 |       0 |    1 |     0 |      0 |      0 |          0 |
|                   gen_srls[5].srl_nx1                                                                 |                 sc_util_v1_0_4_srl_rtl__parameterized0_153 |          1 |          0 |       0 |    1 |     0 |      0 |      0 |          0 |
|                   gen_srls[6].srl_nx1                                                                 |                 sc_util_v1_0_4_srl_rtl__parameterized0_154 |          1 |          0 |       0 |    1 |     0 |      0 |      0 |          0 |
|                   gen_srls[7].srl_nx1                                                                 |                 sc_util_v1_0_4_srl_rtl__parameterized0_155 |          1 |          0 |       0 |    1 |     0 |      0 |      0 |          0 |
|                   gen_srls[8].srl_nx1                                                                 |                 sc_util_v1_0_4_srl_rtl__parameterized0_156 |          1 |          0 |       0 |    1 |     0 |      0 |      0 |          0 |
|                   gen_srls[9].srl_nx1                                                                 |                 sc_util_v1_0_4_srl_rtl__parameterized0_157 |          1 |          0 |       0 |    1 |     0 |      0 |      0 |          0 |
|               xpm_cdc_async_rst_inst                                                                  |                     xpm_cdc_async_rst__parameterized1__128 |          1 |          1 |       0 |    0 |     3 |      0 |      0 |          0 |
|           s03_transaction_regulator                                                                   |                                            bd_8be3_s03tr_0 |          0 |          0 |       0 |    0 |     0 |      0 |      0 |          0 |
|             inst                                                                                      |       sc_transaction_regulator_v1_0_11_top__parameterized3 |          0 |          0 |       0 |    0 |     0 |      0 |      0 |          0 |
|         s03_nodes                                                                                     |                                      s03_nodes_imp_1QAAKD3 |        284 |        174 |     110 |    0 |   258 |      0 |      0 |          0 |
|           s03_ar_node                                                                                 |                                             bd_8be3_sarn_1 |        130 |         72 |      58 |    0 |   137 |      0 |      0 |          0 |
|             inst                                                                                      |                       sc_node_v1_0_17_top__parameterized27 |        130 |         72 |      58 |    0 |   137 |      0 |      0 |          0 |
|               (inst)                                                                                  |                       sc_node_v1_0_17_top__parameterized27 |          3 |          3 |       0 |    0 |     1 |      0 |      0 |          0 |
|               inst_mi_handler                                                                         |                sc_node_v1_0_17_mi_handler__parameterized19 |        127 |         69 |      58 |    0 |   132 |      0 |      0 |          0 |
|                 (inst_mi_handler)                                                                     |                sc_node_v1_0_17_mi_handler__parameterized19 |          0 |          0 |       0 |    0 |     2 |      0 |      0 |          0 |
|                 gen_normal_area.gen_fifo_req.inst_fifo_req                                            |                      sc_node_v1_0_17_fifo__parameterized10 |         26 |         26 |       0 |    0 |    20 |      0 |      0 |          0 |
|                   gen_xpm_memory_fifo.inst_fifo                                                       |             sc_util_v1_0_4_xpm_memory_fifo__parameterized6 |         26 |         26 |       0 |    0 |    20 |      0 |      0 |          0 |
|                     (gen_xpm_memory_fifo.inst_fifo)                                                   |             sc_util_v1_0_4_xpm_memory_fifo__parameterized6 |          4 |          4 |       0 |    0 |     2 |      0 |      0 |          0 |
|                     gen_mem_rep[0].inst_rd_addrb                                                      |                 sc_util_v1_0_4_counter__parameterized2_122 |          6 |          6 |       0 |    0 |     6 |      0 |      0 |          0 |
|                     gen_mem_rep[0].inst_wr_addra                                                      |                 sc_util_v1_0_4_counter__parameterized2_123 |          5 |          5 |       0 |    0 |     6 |      0 |      0 |          0 |
|                     gen_wr.inst_wr_addra_p1                                                           |                 sc_util_v1_0_4_counter__parameterized3_124 |         12 |         12 |       0 |    0 |     6 |      0 |      0 |          0 |
|                 gen_normal_area.inst_fifo_node_payld                                                  |                      sc_node_v1_0_17_fifo__parameterized11 |         97 |         39 |      58 |    0 |   106 |      0 |      0 |          0 |
|                   gen_xpm_memory_fifo.inst_fifo                                                       |             sc_util_v1_0_4_xpm_memory_fifo__parameterized7 |         97 |         39 |      58 |    0 |   106 |      0 |      0 |          0 |
|                     (gen_xpm_memory_fifo.inst_fifo)                                                   |             sc_util_v1_0_4_xpm_memory_fifo__parameterized7 |          5 |          5 |       0 |    0 |     4 |      0 |      0 |          0 |
|                     gen_mem_rep[0].inst_rd_addrb                                                      |                 sc_util_v1_0_4_counter__parameterized2_119 |          6 |          6 |       0 |    0 |     6 |      0 |      0 |          0 |
|                     gen_mem_rep[0].inst_wr_addra                                                      |                 sc_util_v1_0_4_counter__parameterized2_120 |          5 |          5 |       0 |    0 |     6 |      0 |      0 |          0 |
|                     gen_mem_rep[0].inst_xpm_memory                                                    |                      xpm_memory_sdpram__parameterized14__4 |         58 |          0 |      58 |    0 |    84 |      0 |      0 |          0 |
|                       xpm_memory_base_inst                                                            |                        xpm_memory_base__parameterized21__4 |         58 |          0 |      58 |    0 |    84 |      0 |      0 |          0 |
|                     gen_wr.inst_wr_addra_p1                                                           |                 sc_util_v1_0_4_counter__parameterized3_121 |         23 |         23 |       0 |    0 |     6 |      0 |      0 |          0 |
|                 gen_normal_area.inst_fifo_send                                                        |                 sc_node_v1_0_17_reg_slice3__parameterized2 |          5 |          5 |       0 |    0 |     4 |      0 |      0 |          0 |
|               inst_si_handler                                                                         |                sc_node_v1_0_17_si_handler__parameterized14 |          1 |          1 |       0 |    0 |     1 |      0 |      0 |          0 |
|               s_sc_xpm_cdc_async_rst_inst                                                             |                     xpm_cdc_async_rst__parameterized1__132 |          1 |          1 |       0 |    0 |     3 |      0 |      0 |          0 |
|           s03_r_node                                                                                  |                                              bd_8be3_srn_1 |        154 |        102 |      52 |    0 |   121 |      0 |      0 |          0 |
|             inst                                                                                      |                       sc_node_v1_0_17_top__parameterized28 |        154 |        102 |      52 |    0 |   121 |      0 |      0 |          0 |
|               (inst)                                                                                  |                       sc_node_v1_0_17_top__parameterized28 |          3 |          3 |       0 |    0 |     1 |      0 |      0 |          0 |
|               inst_mi_handler                                                                         |                sc_node_v1_0_17_mi_handler__parameterized20 |        149 |         97 |      52 |    0 |   116 |      0 |      0 |          0 |
|                 (inst_mi_handler)                                                                     |                sc_node_v1_0_17_mi_handler__parameterized20 |          0 |          0 |       0 |    0 |     2 |      0 |      0 |          0 |
|                 gen_normal_area.gen_downsizer.inst_downsizer                                          |                                  sc_node_v1_0_17_downsizer |          1 |          1 |       0 |    0 |     3 |      0 |      0 |          0 |
|                 gen_normal_area.gen_node_prog_full.inst_node_prog_full                                |                       sc_node_v1_0_17_fifo__parameterized3 |         35 |         35 |       0 |    0 |    21 |      0 |      0 |          0 |
|                   gen_xpm_memory_fifo.inst_fifo                                                       |                             sc_util_v1_0_4_xpm_memory_fifo |         35 |         35 |       0 |    0 |    21 |      0 |      0 |          0 |
|                     (gen_xpm_memory_fifo.inst_fifo)                                                   |                             sc_util_v1_0_4_xpm_memory_fifo |          5 |          5 |       0 |    0 |     3 |      0 |      0 |          0 |
|                     gen_mem_rep[0].inst_rd_addrb                                                      |                 sc_util_v1_0_4_counter__parameterized2_116 |          5 |          5 |       0 |    0 |     6 |      0 |      0 |          0 |
|                     gen_mem_rep[0].inst_wr_addra                                                      |                 sc_util_v1_0_4_counter__parameterized2_117 |          5 |          5 |       0 |    0 |     6 |      0 |      0 |          0 |
|                     gen_wr.inst_wr_addra_p1                                                           |                 sc_util_v1_0_4_counter__parameterized3_118 |         21 |         21 |       0 |    0 |     6 |      0 |      0 |          0 |
|                 gen_normal_area.inst_fifo_node_payld                                                  |                      sc_node_v1_0_17_fifo__parameterized12 |        113 |         61 |      52 |    0 |    89 |      0 |      0 |          0 |
|                   gen_xpm_memory_fifo.inst_fifo                                                       |             sc_util_v1_0_4_xpm_memory_fifo__parameterized8 |        113 |         61 |      52 |    0 |    89 |      0 |      0 |          0 |
|                     (gen_xpm_memory_fifo.inst_fifo)                                                   |             sc_util_v1_0_4_xpm_memory_fifo__parameterized8 |         38 |         38 |       0 |    0 |     3 |      0 |      0 |          0 |
|                     gen_mem_rep[0].inst_rd_addrb                                                      |                     sc_util_v1_0_4_counter__parameterized2 |          5 |          5 |       0 |    0 |     6 |      0 |      0 |          0 |
|                     gen_mem_rep[0].inst_wr_addra                                                      |                 sc_util_v1_0_4_counter__parameterized2_115 |          4 |          4 |       0 |    0 |     6 |      0 |      0 |          0 |
|                     gen_mem_rep[0].inst_xpm_memory                                                    |                      xpm_memory_sdpram__parameterized15__2 |         52 |          0 |      52 |    0 |    68 |      0 |      0 |          0 |
|                       xpm_memory_base_inst                                                            |                        xpm_memory_base__parameterized22__2 |         52 |          0 |      52 |    0 |    68 |      0 |      0 |          0 |
|                     gen_wr.inst_wr_addra_p1                                                           |                     sc_util_v1_0_4_counter__parameterized3 |         14 |         14 |       0 |    0 |     6 |      0 |      0 |          0 |
|                 inst_ingress                                                                          |                   sc_node_v1_0_17_ingress__parameterized15 |          0 |          0 |       0 |    0 |     1 |      0 |      0 |          0 |
|                   inst_pipeline_valid                                                                 |                    sc_util_v1_0_4_pipeline__parameterized6 |          0 |          0 |       0 |    0 |     1 |      0 |      0 |          0 |
|               inst_si_handler                                                                         |                sc_node_v1_0_17_si_handler__parameterized12 |          1 |          1 |       0 |    0 |     1 |      0 |      0 |          0 |
|               s_sc_xpm_cdc_async_rst_inst                                                             |                     xpm_cdc_async_rst__parameterized1__130 |          1 |          1 |       0 |    0 |     3 |      0 |      0 |          0 |
|         switchboards                                                                                  |                                   switchboards_imp_1WSGVH4 |        190 |        190 |       0 |    0 |   308 |      0 |      0 |          0 |
|           ar_switchboard                                                                              |                                             bd_8be3_arsw_0 |         42 |         42 |       0 |    0 |    84 |      0 |      0 |          0 |
|             inst                                                                                      |                  sc_switchboard_v1_0_8_top__parameterized7 |         42 |         42 |       0 |    0 |    84 |      0 |      0 |          0 |
|               gen_mi[0].inst_mux_payld                                                                |                     sc_util_v1_0_4_mux__parameterized5_113 |         42 |         42 |       0 |    0 |     0 |      0 |      0 |          0 |
|               gen_mi[0].inst_opipe_payld                                                              |               sc_util_v1_0_4_pipeline__parameterized19_114 |          0 |          0 |       0 |    0 |    84 |      0 |      0 |          0 |
|           aw_switchboard                                                                              |                                             bd_8be3_awsw_0 |         72 |         72 |       0 |    0 |    72 |      0 |      0 |          0 |
|             inst                                                                                      |               sc_switchboard_v1_0_8_top__parameterized7__1 |         72 |         72 |       0 |    0 |    72 |      0 |      0 |          0 |
|               gen_mi[0].inst_mux_payld                                                                |                         sc_util_v1_0_4_mux__parameterized5 |         72 |         72 |       0 |    0 |     0 |      0 |      0 |          0 |
|               gen_mi[0].inst_opipe_payld                                                              |                   sc_util_v1_0_4_pipeline__parameterized19 |          0 |          0 |       0 |    0 |    72 |      0 |      0 |          0 |
|           b_switchboard                                                                               |                                              bd_8be3_bsw_0 |          0 |          0 |       0 |    0 |     4 |      0 |      0 |          0 |
|             inst                                                                                      |                  sc_switchboard_v1_0_8_top__parameterized8 |          0 |          0 |       0 |    0 |     4 |      0 |      0 |          0 |
|               gen_mi[1].inst_opipe_payld                                                              |                   sc_util_v1_0_4_pipeline__parameterized20 |          0 |          0 |       0 |    0 |     4 |      0 |      0 |          0 |
|           r_switchboard                                                                               |                                              bd_8be3_rsw_0 |          0 |          0 |       0 |    0 |    72 |      0 |      0 |          0 |
|             inst                                                                                      |                  sc_switchboard_v1_0_8_top__parameterized9 |          0 |          0 |       0 |    0 |    72 |      0 |      0 |          0 |
|               gen_mi[0].inst_opipe_payld                                                              |               sc_util_v1_0_4_pipeline__parameterized21_112 |          0 |          0 |       0 |    0 |    72 |      0 |      0 |          0 |
|           w_switchboard                                                                               |                                              bd_8be3_wsw_0 |         76 |         76 |       0 |    0 |    76 |      0 |      0 |          0 |
|             inst                                                                                      |                 sc_switchboard_v1_0_8_top__parameterized10 |         76 |         76 |       0 |    0 |    76 |      0 |      0 |          0 |
|               gen_mi[0].inst_mux_payld                                                                |                         sc_util_v1_0_4_mux__parameterized8 |         76 |         76 |       0 |    0 |     0 |      0 |      0 |          0 |
|               gen_mi[0].inst_opipe_payld                                                              |                   sc_util_v1_0_4_pipeline__parameterized21 |          0 |          0 |       0 |    0 |    76 |      0 |      0 |          0 |
+-------------------------------------------------------------------------------------------------------+------------------------------------------------------------+------------+------------+---------+------+-------+--------+--------+------------+
* Note: The sum of lower-level cells may be larger than their parent cells total, due to cross-hierarchy LUT combining


